age,workclass,fnlwgt,education,education_num,marital_status,relationship,race,sex,capital_gain,capital_loss,hours_per_week,native_country
25,State-gov,247249,1st-4th,0,Separated,Wife,Black,Female,39576,6164,39,France
27,Federal-gov,312001,Bachelors,4,Never-married,Unmarried,Amer-Indian-Eskimo,Male,23503,18870,40,Vietnam
19,Local-gov,435796,Preschool,10,Widowed,Unmarried,Asian-Pac-Islander,Female,8373,45034,23,Italy
88,Local-gov,749266,5th-6th,10,Separated,Own-child,White,Male,47981,32971,30,Thailand
78,Local-gov,507488,Doctorate,4,Widowed,Other-relative,White,Male,30378,29270,31,Columbia
34,Private,548885,12th,6,Widowed,Unmarried,Other,Male,18008,26438,29,Vietnam
95,Private,525198,Doctorate,5,Divorced,Own-child,Black,Female,22938,33553,31,Japan
19,Federal-gov,644278,Masters,5,Widowed,Unmarried,White,Female,30762,3325,38,Guatemala
57,Never-worked,644352,1st-4th,9,Separated,Own-child,Asian-Pac-Islander,Male,9386,29059,24,Holand-Netherlands
37,Without-pay,856615,Assoc-voc,7,Widowed,Unmarried,Amer-Indian-Eskimo,Female,35058,28015,26,Dominican-Republic
77,Self-emp-inc,630879,HS-grad,7,Never-married,Other-relative,Amer-Indian-Eskimo,Female,6842,4925,36,England
39,Without-pay,827542,Some-college,8,Married-spouse-absent,Husband,Amer-Indian-Eskimo,Male,33493,40144,29,Iran
92,Private,808260,Preschool,6,Divorced,Husband,Black,Male,40723,42219,34,Laos
100,Self-emp-not-inc,318935,7th-8th,10,Married-civ-spouse,Unmarried,Asian-Pac-Islander,Female,34574,32514,40,Mexico
98,Self-emp-not-inc,243359,5th-6th,5,Married-spouse-absent,Not-in-family,White,Male,46037,35974,32,Poland
100,Self-emp-not-inc,445487,Assoc-voc,7,Married-spouse-absent,Unmarried,Amer-Indian-Eskimo,Female,44202,11170,20,Vietnam
69,State-gov,786829,Doctorate,4,Married-civ-spouse,Wife,Other,Male,49849,4674,20,Holand-Netherlands
94,State-gov,594264,11th,2,Married-civ-spouse,Unmarried,Other,Male,37140,41183,38,Scotland
31,Without-pay,57071,11th,7,Never-married,Own-child,Other,Male,10221,49033,40,Cuba
84,State-gov,894475,Some-college,1,Married-AF-spouse,Wife,Black,Female,3361,1717,34,United-States
93,Without-pay,168041,Some-college,4,Married-AF-spouse,Not-in-family,Amer-Indian-Eskimo,Female,35974,6062,24,Vietnam
73,Without-pay,575080,11th,0,Married-AF-spouse,Not-in-family,Black,Male,2655,38989,31,Ecuador
95,Federal-gov,848322,Assoc-acdm,10,Married-AF-spouse,Husband,White,Male,43514,26894,26,Haiti
40,State-gov,297101,Some-college,7,Married-spouse-absent,Not-in-family,Amer-Indian-Eskimo,Female,10668,28402,35,Laos
21,Local-gov,162302,Masters,8,Married-spouse-absent,Not-in-family,Other,Female,36794,19043,24,United-States
51,Never-worked,504816,Doctorate,2,Married-spouse-absent,Wife,Amer-Indian-Eskimo,Male,33130,38496,31,Hungary
55,Without-pay,249209,Masters,0,Divorced,Unmarried,Black,Male,6620,11947,29,Outlying-US(Guam-USVI-etc)
30,Private,217849,9th,4,Married-AF-spouse,Husband,White,Female,38502,30055,23,Hong
76,Self-emp-inc,854586,Assoc-acdm,1,Separated,Unmarried,Black,Female,2529,26247,29,Italy
69,Private,701865,11th,8,Divorced,Not-in-family,Black,Male,35998,13388,20,India
34,Self-emp-not-inc,182558,9th,9,Married-spouse-absent,Not-in-family,Amer-Indian-Eskimo,Female,49921,12339,38,Haiti
20,Self-emp-inc,23261,Assoc-voc,10,Separated,Own-child,Amer-Indian-Eskimo,Female,35390,42491,22,Laos
40,Without-pay,937557,10th,3,Divorced,Husband,Other,Male,49764,45981,37,Japan
44,Self-emp-inc,905932,12th,5,Married-AF-spouse,Husband,Asian-Pac-Islander,Male,39617,32674,20,Jamaica
53,State-gov,91784,5th-6th,7,Married-AF-spouse,Husband,White,Female,38726,14776,28,Trinadad&Tobago
97,Without-pay,508416,HS-grad,10,Widowed,Other-relative,Black,Female,9566,13328,23,Poland
91,Private,341339,9th,7,Never-married,Unmarried,Other,Male,17491,41181,34,Outlying-US(Guam-USVI-etc)
34,Federal-gov,471224,5th-6th,3,Married-AF-spouse,Wife,Asian-Pac-Islander,Female,17587,13935,36,Dominican-Republic
72,Self-emp-inc,239150,9th,1,Separated,Unmarried,White,Male,10395,9339,24,China
82,Local-gov,905822,Preschool,9,Never-married,Other-relative,Amer-Indian-Eskimo,Female,7410,8749,37,Ecuador
54,Federal-gov,767176,1st-4th,1,Married-AF-spouse,Not-in-family,White,Female,34008,74,40,Philippines
41,Without-pay,663667,Doctorate,10,Married-spouse-absent,Other-relative,Asian-Pac-Islander,Female,24545,30644,35,Jamaica
61,Self-emp-inc,203536,Assoc-voc,2,Married-civ-spouse,Own-child,Other,Male,26377,2764,33,Cambodia
49,Self-emp-not-inc,640061,12th,0,Married-civ-spouse,Husband,White,Male,7429,47265,28,South
56,Federal-gov,655669,Doctorate,6,Married-civ-spouse,Unmarried,Asian-Pac-Islander,Female,21389,25284,37,Peru
58,Self-emp-not-inc,409740,1st-4th,4,Married-AF-spouse,Husband,White,Male,24988,670,36,Hungary
69,Self-emp-not-inc,780832,Some-college,7,Married-spouse-absent,Wife,Amer-Indian-Eskimo,Female,34345,45751,38,Vietnam
67,State-gov,42634,9th,4,Divorced,Own-child,Amer-Indian-Eskimo,Male,6424,5792,29,France
31,Local-gov,752138,HS-grad,4,Widowed,Wife,Asian-Pac-Islander,Female,1657,8685,25,Taiwan
61,Never-worked,677773,Masters,9,Married-spouse-absent,Other-relative,Black,Female,43486,6917,27,Canada
69,Private,826238,Assoc-voc,7,Married-AF-spouse,Own-child,Black,Male,36525,8268,28,China
58,State-gov,378690,5th-6th,1,Widowed,Husband,Amer-Indian-Eskimo,Male,24704,13039,25,Portugal
40,Self-emp-not-inc,75276,Assoc-voc,3,Married-civ-spouse,Not-in-family,Asian-Pac-Islander,Female,24079,42044,33,Haiti
28,Without-pay,680005,Bachelors,2,Separated,Own-child,Other,Male,17367,41106,39,Dominican-Republic
43,Federal-gov,323020,1st-4th,10,Married-civ-spouse,Other-relative,Black,Female,4887,15251,30,Nicaragua
95,Self-emp-not-inc,313776,12th,2,Married-spouse-absent,Other-relative,White,Male,35598,17375,25,Vietnam
84,State-gov,704245,Doctorate,3,Never-married,Unmarried,Black,Female,8629,20806,38,Outlying-US(Guam-USVI-etc)
32,State-gov,998229,1st-4th,3,Widowed,Wife,Amer-Indian-Eskimo,Female,42291,788,33,Japan
48,Local-gov,925093,Doctorate,0,Married-AF-spouse,Wife,Amer-Indian-Eskimo,Female,19078,45881,23,Canada
92,Local-gov,261665,Doctorate,0,Married-spouse-absent,Wife,White,Male,14542,14595,27,China
46,Local-gov,174743,Assoc-acdm,4,Separated,Not-in-family,Other,Male,13962,3620,39,United-States
62,Private,220892,Preschool,3,Married-civ-spouse,Husband,Black,Female,41302,39835,31,Greece
36,Self-emp-inc,67788,Masters,4,Married-AF-spouse,Wife,White,Male,25278,8554,26,Thailand
94,Self-emp-not-inc,875047,7th-8th,4,Married-AF-spouse,Not-in-family,Other,Male,32002,38501,22,Peru
91,Without-pay,293374,11th,7,Widowed,Unmarried,Amer-Indian-Eskimo,Male,36309,36534,33,Trinadad&Tobago
19,State-gov,650171,Preschool,8,Widowed,Wife,White,Female,7972,28065,29,Yugoslavia
43,Self-emp-inc,520704,12th,4,Widowed,Husband,Asian-Pac-Islander,Female,19498,21402,32,China
71,Self-emp-not-inc,748700,11th,3,Never-married,Husband,Asian-Pac-Islander,Male,12388,23967,38,Mexico
77,Without-pay,433971,Some-college,2,Divorced,Not-in-family,Asian-Pac-Islander,Female,18052,11808,34,Trinadad&Tobago
80,Self-emp-inc,943924,Assoc-voc,4,Divorced,Wife,Black,Male,19367,8873,28,Puerto-Rico
44,Local-gov,867574,11th,5,Never-married,Own-child,Other,Female,8058,38503,34,Puerto-Rico
25,Local-gov,233098,5th-6th,4,Married-spouse-absent,Own-child,Amer-Indian-Eskimo,Female,18475,1038,31,Cuba
22,Self-emp-not-inc,936296,Assoc-acdm,2,Never-married,Unmarried,Amer-Indian-Eskimo,Female,16495,16873,30,Guatemala
73,Never-worked,481292,Some-college,9,Never-married,Not-in-family,Asian-Pac-Islander,Male,10424,5193,29,Laos
99,Without-pay,400192,Some-college,8,Married-AF-spouse,Not-in-family,White,Female,39282,48082,30,Ireland
50,Federal-gov,585905,7th-8th,9,Widowed,Not-in-family,Asian-Pac-Islander,Male,49877,25584,21,Poland
27,Never-worked,210515,9th,2,Widowed,Husband,Black,Male,31929,3640,35,Dominican-Republic
80,State-gov,454380,1st-4th,9,Separated,Unmarried,White,Female,39297,4778,29,Greece
54,Without-pay,950171,Some-college,5,Widowed,Wife,White,Male,26808,47496,29,Holand-Netherlands
82,Never-worked,780177,Preschool,4,Married-AF-spouse,Unmarried,Asian-Pac-Islander,Female,42578,35236,27,Hong
51,Private,713350,9th,8,Married-spouse-absent,Wife,Black,Male,31223,11647,22,Columbia
56,State-gov,362351,Preschool,0,Married-AF-spouse,Not-in-family,Amer-Indian-Eskimo,Female,5451,39799,34,Cambodia
100,Self-emp-not-inc,993765,Assoc-voc,10,Widowed,Wife,Asian-Pac-Islander,Female,37949,988,35,Japan
63,Without-pay,899574,Some-college,6,Married-civ-spouse,Unmarried,Asian-Pac-Islander,Male,47170,34313,28,Greece
55,Without-pay,156224,Some-college,8,Never-married,Husband,Asian-Pac-Islander,Female,3545,19539,30,Poland
68,Self-emp-inc,117962,9th,10,Separated,Wife,White,Female,32161,52,37,Taiwan
74,Private,78484,Assoc-voc,3,Married-spouse-absent,Wife,White,Female,45194,49429,39,Canada
92,Self-emp-inc,108288,Doctorate,10,Widowed,Husband,Asian-Pac-Islander,Female,44965,21801,36,Cuba
84,Never-worked,302097,Prof-school,4,Married-AF-spouse,Other-relative,Other,Female,10221,26706,40,Outlying-US(Guam-USVI-etc)
64,Local-gov,162552,5th-6th,9,Never-married,Unmarried,Other,Female,21168,49884,31,Haiti
99,Private,776504,Some-college,9,Married-spouse-absent,Not-in-family,Black,Male,14047,14335,29,Laos
40,Never-worked,160230,Preschool,7,Divorced,Wife,Amer-Indian-Eskimo,Male,43162,49700,32,Outlying-US(Guam-USVI-etc)
46,State-gov,521915,1st-4th,3,Separated,Unmarried,Asian-Pac-Islander,Female,10011,23813,34,Poland
57,Federal-gov,931144,9th,5,Widowed,Not-in-family,Other,Female,8978,26718,35,Nicaragua
30,Self-emp-inc,476532,Masters,0,Widowed,Husband,Black,Male,6217,46948,40,Honduras
26,Self-emp-inc,418357,Bachelors,1,Married-spouse-absent,Unmarried,Asian-Pac-Islander,Female,9775,33124,30,South
58,Never-worked,769500,5th-6th,3,Divorced,Unmarried,White,Female,21394,1802,31,Italy
72,Self-emp-inc,86158,10th,6,Married-AF-spouse,Wife,Black,Male,15878,362,20,Scotland
52,Federal-gov,742921,Preschool,3,Divorced,Own-child,Black,Male,28765,35382,31,South
46,Federal-gov,786988,9th,0,Married-civ-spouse,Not-in-family,Other,Male,17592,8835,38,United-States
89,Federal-gov,312755,1st-4th,2,Married-spouse-absent,Own-child,Other,Male,12748,23634,32,Ecuador
20,State-gov,35471,Masters,8,Widowed,Own-child,White,Male,35601,36979,37,Nicaragua
56,Without-pay,460656,Prof-school,6,Never-married,Not-in-family,Asian-Pac-Islander,Female,37821,14427,33,Dominican-Republic
92,Never-worked,342378,7th-8th,0,Divorced,Own-child,Asian-Pac-Islander,Male,24441,23751,24,Puerto-Rico
97,Without-pay,438927,HS-grad,3,Married-AF-spouse,Own-child,Asian-Pac-Islander,Female,24947,24636,38,Holand-Netherlands
48,Never-worked,447867,9th,10,Widowed,Not-in-family,White,Male,9657,22703,21,United-States
43,Local-gov,562011,Some-college,3,Widowed,Other-relative,Amer-Indian-Eskimo,Female,43925,46890,38,Guatemala
20,Private,68655,Masters,9,Separated,Own-child,Amer-Indian-Eskimo,Female,37891,2967,27,Ireland
56,Never-worked,410238,Preschool,3,Married-spouse-absent,Unmarried,Asian-Pac-Islander,Female,20195,14141,32,India
44,Federal-gov,565716,7th-8th,1,Widowed,Own-child,Amer-Indian-Eskimo,Female,47096,42044,35,Vietnam
94,Federal-gov,468544,Masters,5,Married-spouse-absent,Own-child,Black,Female,48384,11264,22,Greece
48,State-gov,915312,Bachelors,2,Married-civ-spouse,Own-child,Amer-Indian-Eskimo,Male,41077,14073,31,Laos
79,Local-gov,774408,Preschool,7,Married-spouse-absent,Wife,White,Female,45996,43687,23,Hungary
36,Self-emp-not-inc,687187,9th,5,Divorced,Husband,Other,Female,16557,38593,37,Taiwan
38,Local-gov,919090,5th-6th,4,Divorced,Other-relative,Black,Male,12866,34297,25,Mexico
91,Without-pay,192142,HS-grad,10,Married-AF-spouse,Wife,White,Female,42987,22980,38,Haiti
39,Self-emp-not-inc,532957,12th,9,Married-spouse-absent,Wife,Asian-Pac-Islander,Male,11608,10237,33,Trinadad&Tobago
48,Private,654077,11th,5,Separated,Not-in-family,Black,Female,40412,47217,34,Honduras
92,Self-emp-inc,820715,1st-4th,6,Divorced,Not-in-family,Other,Male,22176,29156,32,Peru
64,Federal-gov,418289,10th,5,Married-AF-spouse,Not-in-family,Black,Female,10522,19061,34,Guatemala
31,State-gov,602057,11th,6,Married-AF-spouse,Unmarried,Asian-Pac-Islander,Male,5005,33957,25,Thailand
48,State-gov,333705,Preschool,6,Divorced,Husband,Other,Male,26015,30991,39,Philippines
98,State-gov,577235,Some-college,8,Married-AF-spouse,Own-child,Asian-Pac-Islander,Male,49936,1250,20,Ecuador
47,Local-gov,297047,Assoc-voc,0,Married-AF-spouse,Not-in-family,White,Male,6809,45226,28,Honduras
81,Local-gov,572829,Bachelors,9,Widowed,Unmarried,Other,Male,4625,29116,31,China
82,Self-emp-inc,799207,Assoc-acdm,6,Separated,Wife,Black,Male,38285,41072,32,Trinadad&Tobago
91,Self-emp-not-inc,275268,Prof-school,0,Married-AF-spouse,Own-child,Amer-Indian-Eskimo,Male,21038,43726,28,South
23,Without-pay,836856,5th-6th,7,Married-AF-spouse,Unmarried,Asian-Pac-Islander,Male,5425,46389,22,Dominican-Republic
84,Self-emp-not-inc,945806,Assoc-acdm,9,Divorced,Husband,Other,Male,37381,23356,30,Guatemala
67,State-gov,793244,Some-college,0,Never-married,Husband,Asian-Pac-Islander,Female,3752,33835,25,Hong
62,Without-pay,279230,Assoc-acdm,3,Married-civ-spouse,Other-relative,White,Male,16091,42223,22,Poland
91,Self-emp-inc,516961,Preschool,3,Separated,Other-relative,White,Female,47532,883,22,Philippines
92,Without-pay,129029,Some-college,6,Widowed,Unmarried,Other,Male,9041,25047,38,Germany
26,Private,659768,12th,1,Married-spouse-absent,Other-relative,Asian-Pac-Islander,Male,36798,46842,31,Laos
43,Never-worked,542573,10th,6,Never-married,Husband,Amer-Indian-Eskimo,Male,34767,30156,31,Guatemala
89,Self-emp-not-inc,831760,Prof-school,10,Married-AF-spouse,Own-child,Black,Male,15175,10354,38,Mexico
35,Self-emp-inc,602813,Assoc-acdm,4,Married-AF-spouse,Own-child,White,Male,48511,16857,30,Hungary
46,State-gov,228876,11th,6,Separated,Not-in-family,White,Female,45094,10798,23,India
78,Private,252723,Prof-school,2,Separated,Other-relative,White,Male,26478,38160,34,China
94,Self-emp-inc,760359,7th-8th,8,Never-married,Other-relative,Asian-Pac-Islander,Female,2746,6143,20,South
66,Local-gov,596819,Some-college,6,Married-AF-spouse,Own-child,Asian-Pac-Islander,Female,20335,8431,33,Canada
19,State-gov,279232,Bachelors,7,Never-married,Unmarried,White,Male,48102,41349,39,Ireland
42,Local-gov,626013,7th-8th,8,Separated,Not-in-family,Other,Female,42913,40127,35,Guatemala
36,Without-pay,962285,Doctorate,8,Never-married,Other-relative,White,Male,31687,8230,31,Peru
95,Never-worked,149138,7th-8th,9,Married-AF-spouse,Own-child,White,Female,12264,23162,32,Cuba
54,Local-gov,27625,1st-4th,8,Married-spouse-absent,Not-in-family,Asian-Pac-Islander,Female,6791,5864,28,Philippines
45,Private,659529,11th,1,Never-married,Other-relative,Amer-Indian-Eskimo,Female,25475,21457,26,Hungary
75,Never-worked,808487,Doctorate,6,Married-civ-spouse,Wife,White,Female,1319,7285,20,Ireland
57,Self-emp-not-inc,240460,Prof-school,5,Widowed,Husband,Amer-Indian-Eskimo,Male,12984,26846,25,United-States
50,Self-emp-not-inc,753689,Preschool,9,Married-civ-spouse,Unmarried,White,Female,32988,29709,32,United-States
30,Without-pay,255688,Assoc-voc,10,Widowed,Wife,White,Male,35841,23061,21,Columbia
44,Federal-gov,409346,10th,0,Married-civ-spouse,Not-in-family,Black,Female,7236,42990,33,Ecuador
23,Never-worked,954359,Assoc-voc,6,Never-married,Unmarried,Amer-Indian-Eskimo,Male,14418,41796,25,Honduras
63,Local-gov,62244,Prof-school,5,Married-spouse-absent,Not-in-family,White,Male,36735,19530,40,Greece
23,Never-worked,676065,Some-college,10,Married-civ-spouse,Husband,Other,Male,1395,16100,27,Puerto-Rico
95,Federal-gov,18267,12th,9,Widowed,Husband,Black,Male,26493,10514,26,Outlying-US(Guam-USVI-etc)
79,Federal-gov,575426,Bachelors,2,Married-spouse-absent,Not-in-family,Black,Female,31422,25908,36,Poland
62,Private,441229,11th,8,Divorced,Not-in-family,Amer-Indian-Eskimo,Female,44506,370,39,El-Salvador
41,Self-emp-not-inc,578855,11th,3,Widowed,Wife,White,Male,24601,31042,21,El-Salvador
22,State-gov,108685,Some-college,1,Widowed,Unmarried,White,Female,48932,41912,34,Guatemala
18,Without-pay,483921,5th-6th,9,Never-married,Husband,Black,Male,43404,33290,25,England
78,Self-emp-not-inc,715898,HS-grad,10,Married-civ-spouse,Husband,Asian-Pac-Islander,Male,43499,23253,36,Germany
40,Without-pay,594227,Bachelors,4,Married-AF-spouse,Husband,Black,Female,44191,2088,26,El-Salvador
94,Private,235207,Prof-school,9,Married-civ-spouse,Wife,White,Male,36305,13829,35,Dominican-Republic
35,Never-worked,106493,7th-8th,7,Widowed,Wife,Amer-Indian-Eskimo,Male,1012,28249,31,Peru
53,Local-gov,52311,1st-4th,5,Divorced,Own-child,Amer-Indian-Eskimo,Female,8961,42833,20,Guatemala
42,Without-pay,682268,Bachelors,2,Never-married,Husband,Amer-Indian-Eskimo,Female,26087,1861,35,Laos
76,Private,722578,Some-college,4,Never-married,Unmarried,Other,Male,8559,42249,31,Ecuador
53,Self-emp-inc,20992,Some-college,3,Widowed,Not-in-family,Amer-Indian-Eskimo,Male,29403,32890,28,Laos
33,Without-pay,871431,Doctorate,9,Never-married,Other-relative,Black,Male,6013,48614,31,Laos
57,Never-worked,464201,Assoc-voc,9,Married-spouse-absent,Other-relative,White,Male,33391,3860,25,Honduras
59,Federal-gov,843700,Preschool,8,Married-AF-spouse,Unmarried,White,Female,48772,16937,33,Yugoslavia
29,Without-pay,808012,Some-college,1,Divorced,Husband,White,Male,47010,35838,39,France
65,Local-gov,819252,Doctorate,10,Married-spouse-absent,Husband,Other,Male,39334,35462,24,Guatemala
35,Never-worked,178712,12th,2,Married-AF-spouse,Own-child,Black,Male,46871,39616,32,Nicaragua
85,Local-gov,304839,Preschool,3,Divorced,Wife,Other,Female,44982,31901,22,Haiti
68,State-gov,963290,Assoc-acdm,6,Married-civ-spouse,Wife,Black,Male,26364,38367,35,Haiti
61,Federal-gov,824768,HS-grad,2,Separated,Other-relative,White,Male,29061,49434,36,Jamaica
27,State-gov,536645,7th-8th,1,Married-AF-spouse,Not-in-family,Other,Female,40652,42191,36,United-States
30,Local-gov,8518,10th,6,Married-AF-spouse,Unmarried,Asian-Pac-Islander,Female,42235,37468,40,El-Salvador
24,State-gov,675016,Assoc-acdm,2,Separated,Unmarried,Black,Female,24086,9998,38,Laos
40,Never-worked,88953,11th,3,Married-AF-spouse,Unmarried,White,Female,46289,5134,32,Honduras
28,Never-worked,101791,Assoc-voc,0,Married-AF-spouse,Own-child,White,Male,36376,3685,31,Cuba
93,Without-pay,850276,Doctorate,3,Divorced,Not-in-family,Asian-Pac-Islander,Female,21156,29711,26,Jamaica
48,Local-gov,133642,11th,3,Widowed,Not-in-family,Other,Female,42845,17045,31,Canada
93,Private,378653,11th,6,Divorced,Not-in-family,Amer-Indian-Eskimo,Male,33176,3137,29,Jamaica
76,Local-gov,202260,1st-4th,10,Never-married,Own-child,Amer-Indian-Eskimo,Male,39385,25965,37,Hungary
33,Federal-gov,349193,Preschool,10,Divorced,Other-relative,Other,Male,38842,41628,35,Portugal
88,Federal-gov,405603,Some-college,4,Married-civ-spouse,Other-relative,Asian-Pac-Islander,Female,25419,3432,27,England
83,Local-gov,90994,Assoc-acdm,7,Married-civ-spouse,Not-in-family,Other,Male,31730,9634,34,Jamaica
57,State-gov,198434,10th,8,Married-spouse-absent,Own-child,White,Female,32252,4296,35,Nicaragua
67,Self-emp-not-inc,983237,HS-grad,6,Widowed,Other-relative,Amer-Indian-Eskimo,Male,24834,4298,35,Ireland
95,Federal-gov,152638,Prof-school,6,Married-civ-spouse,Not-in-family,Amer-Indian-Eskimo,Female,19910,47406,36,England
30,Federal-gov,632157,Preschool,6,Divorced,Own-child,Amer-Indian-Eskimo,Female,32141,34622,26,El-Salvador
66,Never-worked,885562,Doctorate,7,Married-AF-spouse,Wife,Asian-Pac-Islander,Female,19284,18447,34,Guatemala
28,Self-emp-not-inc,806822,Assoc-acdm,9,Divorced,Other-relative,Black,Male,47026,45363,21,Hong
31,Self-emp-inc,913747,7th-8th,8,Married-spouse-absent,Husband,Black,Male,20434,19241,39,Dominican-Republic
69,Local-gov,469645,Masters,0,Married-civ-spouse,Own-child,Black,Female,21818,9819,35,Jamaica
58,Private,873271,Bachelors,3,Divorced,Unmarried,Asian-Pac-Islander,Female,30271,28998,25,Yugoslavia
36,Never-worked,89451,11th,5,Divorced,Husband,Amer-Indian-Eskimo,Male,26373,44025,26,Jamaica
40,Federal-gov,296372,Prof-school,0,Married-civ-spouse,Own-child,Black,Male,30367,16971,32,Vietnam
21,Self-emp-inc,220823,Assoc-voc,5,Separated,Husband,Black,Male,33821,49169,39,Portugal
89,Self-emp-not-inc,594312,Assoc-acdm,0,Never-married,Other-relative,Amer-Indian-Eskimo,Male,42105,45386,21,Mexico
86,Local-gov,685211,Masters,9,Divorced,Other-relative,Other,Female,43560,29142,28,Cuba
74,Federal-gov,569715,10th,1,Separated,Husband,White,Male,48941,8646,21,Portugal
85,Never-worked,199663,Some-college,10,Divorced,Other-relative,Other,Female,26771,35204,29,El-Salvador
69,Self-emp-not-inc,869487,Bachelors,5,Widowed,Not-in-family,Other,Male,15734,24601,27,Honduras
90,Without-pay,508354,Preschool,10,Divorced,Other-relative,Black,Female,16082,47321,25,Outlying-US(Guam-USVI-etc)
24,Federal-gov,524954,HS-grad,10,Never-married,Unmarried,Asian-Pac-Islander,Male,23896,31843,22,Hong
30,Private,346402,Assoc-voc,1,Divorced,Husband,Asian-Pac-Islander,Male,30288,41222,29,India
70,Local-gov,53166,Assoc-voc,7,Married-civ-spouse,Not-in-family,Black,Male,5773,38779,33,Ecuador
69,Federal-gov,436524,7th-8th,8,Married-AF-spouse,Unmarried,White,Male,1670,17984,25,Yugoslavia
84,Federal-gov,671136,10th,1,Married-spouse-absent,Own-child,Other,Male,2499,2460,24,Cambodia
92,Private,956731,12th,3,Married-civ-spouse,Own-child,Amer-Indian-Eskimo,Male,18678,10835,34,Germany
89,Federal-gov,533323,1st-4th,3,Divorced,Own-child,White,Female,9119,18259,28,Thailand
55,Without-pay,807391,12th,8,Separated,Own-child,Other,Female,35952,5155,21,Canada
24,Private,69176,Some-college,10,Divorced,Unmarried,Asian-Pac-Islander,Male,44024,41808,32,Hungary
74,Never-worked,207893,Prof-school,6,Never-married,Not-in-family,Asian-Pac-Islander,Male,31573,7849,28,Nicaragua
22,Local-gov,815252,Preschool,4,Separated,Not-in-family,White,Female,40596,44845,36,Puerto-Rico
65,Never-worked,443775,Prof-school,4,Never-married,Other-relative,White,Female,49699,21612,30,Guatemala
40,Never-worked,724450,Doctorate,10,Married-spouse-absent,Husband,Black,Female,41012,22874,24,Ecuador
51,State-gov,276833,11th,2,Married-spouse-absent,Unmarried,White,Female,8780,41824,20,Thailand
34,Local-gov,484665,10th,7,Divorced,Own-child,White,Male,38249,30461,25,Yugoslavia
48,State-gov,972850,Some-college,3,Never-married,Wife,Black,Female,16889,7530,31,El-Salvador
21,Self-emp-inc,121204,10th,0,Married-spouse-absent,Own-child,Black,Male,7373,16843,25,United-States
85,State-gov,216384,Masters,8,Married-civ-spouse,Own-child,White,Male,26750,6838,39,Haiti
47,Federal-gov,622419,HS-grad,1,Married-AF-spouse,Own-child,Black,Female,9844,9779,20,Japan
33,Self-emp-inc,919282,Prof-school,4,Never-married,Wife,White,Male,23582,14674,33,Guatemala
59,Local-gov,558956,11th,7,Widowed,Other-relative,Amer-Indian-Eskimo,Male,25688,40376,20,England
58,Self-emp-not-inc,445419,9th,5,Never-married,Husband,Black,Female,40315,16621,35,Hungary
99,Never-worked,3676,Some-college,5,Never-married,Wife,Other,Female,29077,6633,40,Greece
73,Without-pay,151455,1st-4th,2,Divorced,Wife,Amer-Indian-Eskimo,Male,47426,27613,35,Cambodia
89,State-gov,106197,Some-college,9,Divorced,Wife,Asian-Pac-Islander,Female,13147,5826,29,Scotland
72,Self-emp-inc,533263,1st-4th,3,Widowed,Own-child,Amer-Indian-Eskimo,Female,20599,22353,38,Poland
54,State-gov,485254,12th,6,Divorced,Wife,Asian-Pac-Islander,Male,34269,15162,22,Guatemala
46,Self-emp-inc,471325,HS-grad,10,Married-AF-spouse,Own-child,Amer-Indian-Eskimo,Male,49598,33304,27,Laos
21,Never-worked,29761,11th,10,Married-AF-spouse,Not-in-family,Amer-Indian-Eskimo,Female,22328,20332,23,China
40,Local-gov,172802,9th,5,Married-spouse-absent,Other-relative,Black,Female,8042,17438,40,Hong
28,Self-emp-inc,761190,7th-8th,2,Never-married,Unmarried,White,Male,24548,26044,20,Cambodia
73,Never-worked,906719,Doctorate,10,Divorced,Husband,White,Female,4307,33729,25,Scotland
47,Local-gov,859475,10th,6,Married-spouse-absent,Other-relative,Amer-Indian-Eskimo,Male,30275,13993,34,Ireland
72,Federal-gov,149345,Prof-school,9,Married-civ-spouse,Other-relative,Amer-Indian-Eskimo,Female,22763,22040,34,Italy
52,Local-gov,111559,Masters,7,Divorced,Not-in-family,Asian-Pac-Islander,Male,21723,35974,35,Poland
38,Local-gov,761347,Prof-school,0,Married-spouse-absent,Husband,Black,Male,44943,15332,34,Peru
21,Private,390911,1st-4th,10,Divorced,Husband,White,Female,42515,20459,28,Haiti
91,Self-emp-inc,551348,Bachelors,9,Separated,Wife,White,Female,45122,34032,25,Holand-Netherlands
41,Local-gov,480961,Doctorate,4,Never-married,Husband,Other,Female,21989,28308,28,Hungary
23,Self-emp-not-inc,613872,Assoc-acdm,1,Never-married,Other-relative,Other,Male,15252,32010,36,Yugoslavia
81,Local-gov,943746,Doctorate,6,Married-civ-spouse,Husband,Black,Female,10497,9161,36,Yugoslavia
27,Private,460744,Prof-school,6,Never-married,Unmarried,Other,Female,45815,38310,29,Germany
81,Local-gov,154608,1st-4th,10,Never-married,Own-child,White,Male,14941,22657,22,Dominican-Republic
73,Private,207215,Prof-school,6,Widowed,Husband,Asian-Pac-Islander,Male,42563,44699,39,El-Salvador
72,Without-pay,741548,10th,3,Married-civ-spouse,Wife,White,Male,22313,28622,21,Cambodia
35,Self-emp-inc,239514,7th-8th,6,Widowed,Not-in-family,Asian-Pac-Islander,Male,27887,29210,24,Trinadad&Tobago
65,Without-pay,162039,Preschool,0,Separated,Own-child,Amer-Indian-Eskimo,Male,43939,36960,40,Greece
59,Local-gov,265282,12th,2,Married-spouse-absent,Own-child,White,Male,31046,34442,32,England
76,Self-emp-not-inc,240243,Assoc-acdm,4,Never-married,Unmarried,Other,Male,28307,45263,39,Columbia
25,Local-gov,849563,10th,6,Married-spouse-absent,Other-relative,Black,Female,45297,18797,21,Jamaica
80,Federal-gov,508742,7th-8th,2,Widowed,Own-child,Black,Female,24188,37023,22,Greece
27,Local-gov,80433,Doctorate,4,Married-AF-spouse,Unmarried,White,Male,37496,5762,26,South
94,Self-emp-not-inc,663911,Assoc-voc,10,Widowed,Husband,White,Female,3090,5074,20,Jamaica
19,Federal-gov,797895,12th,1,Divorced,Wife,Black,Female,18301,42483,22,Iran
46,Private,132056,11th,10,Married-AF-spouse,Unmarried,Black,Male,41198,12337,31,Haiti
79,Self-emp-inc,971367,7th-8th,3,Separated,Not-in-family,Amer-Indian-Eskimo,Male,33487,785,34,India
36,Never-worked,367358,11th,9,Divorced,Husband,Amer-Indian-Eskimo,Male,31520,3207,38,Cambodia
81,Private,438648,Preschool,4,Married-spouse-absent,Not-in-family,Black,Male,27613,33424,23,Scotland
92,Federal-gov,992843,Prof-school,8,Married-AF-spouse,Other-relative,Other,Female,5365,1665,20,Peru
22,Never-worked,715713,10th,3,Widowed,Other-relative,Amer-Indian-Eskimo,Male,26528,2504,21,Laos
56,Self-emp-not-inc,573753,Assoc-voc,5,Married-spouse-absent,Unmarried,White,Female,39551,37386,36,Dominican-Republic
55,State-gov,813200,Preschool,4,Never-married,Own-child,Amer-Indian-Eskimo,Male,20790,16346,31,Puerto-Rico
33,Never-worked,905946,11th,6,Widowed,Unmarried,Other,Female,10448,28478,23,Hungary
90,Without-pay,924989,Masters,1,Separated,Not-in-family,Other,Male,16922,12050,28,Dominican-Republic
46,Private,152204,Assoc-acdm,4,Married-spouse-absent,Unmarried,Other,Female,27864,17593,37,Ireland
23,Self-emp-inc,956541,12th,9,Married-spouse-absent,Unmarried,Black,Male,25254,17614,28,Iran
58,State-gov,382212,Preschool,2,Separated,Not-in-family,Amer-Indian-Eskimo,Male,4946,24051,25,Vietnam
19,Local-gov,124458,Prof-school,0,Divorced,Unmarried,Amer-Indian-Eskimo,Female,8263,49711,26,Canada
79,Without-pay,27033,Bachelors,2,Never-married,Unmarried,Amer-Indian-Eskimo,Female,44237,42731,30,Poland
48,Federal-gov,721199,Assoc-acdm,1,Divorced,Own-child,Black,Female,42267,6067,32,Honduras
69,State-gov,282978,Preschool,8,Divorced,Unmarried,Amer-Indian-Eskimo,Male,40403,24808,36,Germany
62,Private,57187,Bachelors,4,Married-spouse-absent,Husband,Black,Female,39295,19980,24,Greece
54,State-gov,561902,7th-8th,7,Never-married,Husband,Other,Male,45784,18982,40,Peru
26,Self-emp-not-inc,574245,Assoc-acdm,6,Married-spouse-absent,Unmarried,White,Female,42519,35181,29,France
35,State-gov,957548,Doctorate,4,Widowed,Other-relative,Amer-Indian-Eskimo,Female,7967,13265,28,Haiti
65,Federal-gov,607369,Some-college,8,Never-married,Other-relative,Amer-Indian-Eskimo,Male,47255,18445,33,Thailand
89,Never-worked,136151,Some-college,1,Never-married,Other-relative,Black,Male,22502,40769,21,Ireland
75,State-gov,674015,7th-8th,5,Married-civ-spouse,Other-relative,Asian-Pac-Islander,Female,4065,4268,40,Jamaica
92,Local-gov,584695,10th,3,Divorced,Husband,Amer-Indian-Eskimo,Male,21462,25268,20,Philippines
26,Federal-gov,434277,7th-8th,3,Widowed,Husband,Asian-Pac-Islander,Female,22221,2130,22,South
52,Never-worked,728306,Doctorate,8,Divorced,Husband,White,Male,23720,10395,36,Holand-Netherlands
62,Self-emp-not-inc,605196,Assoc-voc,0,Separated,Own-child,Black,Female,27941,44828,37,Ireland
72,State-gov,323723,7th-8th,5,Married-spouse-absent,Other-relative,Black,Male,36064,34457,37,Vietnam
20,Without-pay,601781,Some-college,6,Never-married,Not-in-family,Asian-Pac-Islander,Male,7369,23314,39,Columbia
93,Federal-gov,117417,12th,2,Married-spouse-absent,Husband,Amer-Indian-Eskimo,Male,21338,18262,23,South
47,Local-gov,803656,Preschool,0,Divorced,Own-child,Black,Female,27235,48770,20,Honduras
34,Without-pay,472945,Preschool,1,Never-married,Other-relative,Asian-Pac-Islander,Male,49394,9168,32,South
22,Self-emp-not-inc,596739,Assoc-voc,10,Married-AF-spouse,Wife,Black,Female,25125,36070,40,Jamaica
46,State-gov,505157,Preschool,9,Married-civ-spouse,Own-child,Other,Male,45320,30540,25,Portugal
88,Private,220726,Prof-school,9,Widowed,Not-in-family,Black,Female,30268,48097,38,Thailand
91,Without-pay,750540,Bachelors,8,Divorced,Unmarried,Asian-Pac-Islander,Male,29249,8000,32,Italy
80,Federal-gov,661893,Assoc-voc,7,Widowed,Unmarried,Other,Male,17204,28660,38,Japan
21,Private,563979,Assoc-acdm,9,Married-civ-spouse,Husband,Other,Male,3243,46379,30,England
45,State-gov,722190,Assoc-acdm,2,Married-AF-spouse,Wife,Asian-Pac-Islander,Male,49064,735,30,Portugal
83,Without-pay,617149,1st-4th,8,Married-spouse-absent,Husband,Asian-Pac-Islander,Female,23783,41923,24,Vietnam
47,Without-pay,427929,Preschool,10,Married-spouse-absent,Not-in-family,Black,Male,47279,6574,33,Taiwan
96,Private,117514,Prof-school,9,Widowed,Other-relative,White,Female,21342,9031,35,Trinadad&Tobago
35,Local-gov,460914,Bachelors,4,Married-spouse-absent,Unmarried,Black,Female,27232,20224,28,Ecuador
34,Self-emp-inc,96388,7th-8th,5,Divorced,Unmarried,Other,Male,18060,40705,40,Germany
93,Without-pay,708805,Bachelors,3,Divorced,Husband,White,Female,30437,13227,33,Honduras
49,Self-emp-not-inc,223727,7th-8th,3,Married-AF-spouse,Own-child,Other,Male,39875,4895,36,Greece
80,Self-emp-inc,204494,11th,9,Married-civ-spouse,Unmarried,Other,Female,47856,15246,27,Cuba
73,Local-gov,932674,1st-4th,2,Widowed,Own-child,Other,Male,47316,1456,36,Cambodia
38,Without-pay,481889,Some-college,2,Married-AF-spouse,Unmarried,White,Male,27924,8177,26,Dominican-Republic
67,Self-emp-inc,418605,12th,6,Married-civ-spouse,Other-relative,Asian-Pac-Islander,Male,5394,32651,39,Jamaica
27,Without-pay,841891,Some-college,6,Separated,Husband,Black,Female,22154,20333,37,France
38,Local-gov,311012,Assoc-voc,4,Divorced,Not-in-family,Other,Female,14939,33326,38,Holand-Netherlands
72,Without-pay,907314,Bachelors,4,Divorced,Own-child,Asian-Pac-Islander,Male,16756,29498,31,United-States
28,Self-emp-inc,686470,12th,9,Separated,Own-child,Other,Female,41046,24664,31,Honduras
40,Self-emp-not-inc,935050,Bachelors,3,Never-married,Not-in-family,White,Female,18023,44742,25,United-States
88,Self-emp-inc,883218,7th-8th,10,Separated,Unmarried,White,Male,25209,21963,25,South
27,Never-worked,912153,11th,2,Never-married,Not-in-family,Asian-Pac-Islander,Female,9225,865,38,Peru
35,State-gov,19439,Doctorate,1,Married-civ-spouse,Wife,White,Male,43968,7534,29,Ireland
42,Self-emp-not-inc,863499,Assoc-voc,7,Separated,Wife,White,Female,89,35236,27,Greece
50,Local-gov,121754,10th,1,Separated,Unmarried,Asian-Pac-Islander,Male,15837,41343,31,Cambodia
100,Local-gov,606930,Prof-school,3,Married-spouse-absent,Other-relative,Black,Male,24583,29656,25,El-Salvador
43,Never-worked,1561,Some-college,8,Married-spouse-absent,Unmarried,Asian-Pac-Islander,Female,22883,19952,26,Columbia
66,Local-gov,913649,Assoc-acdm,3,Married-civ-spouse,Not-in-family,Black,Female,13968,28357,24,Outlying-US(Guam-USVI-etc)
76,Without-pay,994199,Preschool,1,Married-civ-spouse,Unmarried,Asian-Pac-Islander,Female,11088,46493,30,South
81,Local-gov,712148,1st-4th,6,Divorced,Wife,Amer-Indian-Eskimo,Male,9530,15249,25,Honduras
79,Self-emp-inc,56753,7th-8th,8,Separated,Own-child,Asian-Pac-Islander,Female,4236,17203,29,El-Salvador
29,Self-emp-inc,646761,Masters,2,Married-AF-spouse,Other-relative,Amer-Indian-Eskimo,Male,13444,33429,29,Honduras
49,Private,19630,Assoc-acdm,0,Married-spouse-absent,Wife,Black,Male,11085,47173,38,Hong
25,Private,15214,Prof-school,4,Widowed,Own-child,White,Female,32949,33545,34,Italy
100,Self-emp-not-inc,178067,Assoc-acdm,2,Married-civ-spouse,Other-relative,Asian-Pac-Islander,Male,34020,29665,35,Ireland
26,Private,369497,HS-grad,2,Married-civ-spouse,Not-in-family,Amer-Indian-Eskimo,Female,25945,27717,24,Haiti
70,Local-gov,9685,10th,8,Married-AF-spouse,Husband,White,Male,6889,49163,26,Cambodia
94,Private,664080,Prof-school,1,Never-married,Not-in-family,Other,Male,1774,29442,36,Greece
66,Never-worked,113472,HS-grad,4,Never-married,Own-child,Other,Female,49313,38495,25,Portugal
50,Local-gov,711450,10th,6,Separated,Not-in-family,Asian-Pac-Islander,Male,42401,23974,26,China
67,Never-worked,251667,11th,10,Never-married,Other-relative,White,Male,19677,26990,37,Portugal
88,Without-pay,975510,Doctorate,6,Separated,Wife,Black,Female,6530,44116,35,Mexico
94,Self-emp-inc,791026,Assoc-voc,8,Never-married,Wife,White,Female,29693,17835,24,El-Salvador
61,Self-emp-not-inc,546815,Some-college,2,Widowed,Unmarried,Black,Male,29626,25382,36,Hungary
47,Federal-gov,389974,Masters,8,Married-civ-spouse,Husband,White,Female,15233,48944,32,Dominican-Republic
75,Self-emp-not-inc,571002,Assoc-acdm,6,Separated,Unmarried,Black,Female,36331,13904,40,Haiti
70,Local-gov,29050,10th,2,Married-civ-spouse,Husband,Amer-Indian-Eskimo,Male,35584,14354,24,Yugoslavia
19,Self-emp-not-inc,898419,Preschool,8,Divorced,Wife,Asian-Pac-Islander,Female,49621,24198,40,Philippines
35,Without-pay,166250,Masters,0,Married-AF-spouse,Other-relative,White,Male,1526,35274,26,Jamaica
54,State-gov,70139,11th,9,Never-married,Other-relative,Black,Female,27035,9837,39,China
34,State-gov,491302,7th-8th,9,Separated,Own-child,Amer-Indian-Eskimo,Male,45075,19152,35,Germany
18,Private,866547,Prof-school,10,Married-AF-spouse,Husband,Amer-Indian-Eskimo,Female,25706,8997,33,Jamaica
68,Without-pay,272180,Bachelors,2,Married-civ-spouse,Wife,Other,Male,46130,39851,31,Poland
60,Local-gov,850386,HS-grad,8,Married-AF-spouse,Own-child,Black,Male,45762,42172,32,Italy
18,Never-worked,9314,Masters,1,Married-civ-spouse,Husband,White,Female,21232,29553,28,Vietnam
23,Local-gov,85441,1st-4th,10,Separated,Other-relative,Other,Male,16091,17309,30,Trinadad&Tobago
50,Never-worked,25777,HS-grad,5,Never-married,Wife,Other,Male,37523,10243,25,Peru
34,Private,720090,Prof-school,1,Widowed,Other-relative,Amer-Indian-Eskimo,Female,5133,37649,27,Vietnam
24,Private,678077,Doctorate,0,Widowed,Husband,Asian-Pac-Islander,Female,40684,39807,39,Yugoslavia
65,Federal-gov,449200,7th-8th,5,Divorced,Own-child,Asian-Pac-Islander,Male,25762,19,31,Italy
41,Local-gov,220970,Preschool,4,Widowed,Husband,Other,Male,24100,21278,26,El-Salvador
98,Local-gov,25641,12th,5,Divorced,Other-relative,Black,Female,35092,30820,31,Ireland
71,Self-emp-not-inc,389784,5th-6th,0,Married-AF-spouse,Own-child,Asian-Pac-Islander,Female,28753,49288,39,Greece
78,State-gov,850063,Assoc-acdm,3,Married-civ-spouse,Unmarried,Black,Male,41533,4456,39,South
25,State-gov,543123,11th,3,Married-civ-spouse,Unmarried,Black,Female,3974,25007,25,Columbia
73,State-gov,54366,Assoc-voc,7,Divorced,Unmarried,White,Male,22555,15417,32,Canada
31,State-gov,926509,Doctorate,5,Married-civ-spouse,Not-in-family,Black,Female,16335,28533,22,Philippines
22,Private,203177,HS-grad,0,Married-civ-spouse,Other-relative,Other,Male,36360,47981,30,Hong
70,Private,818706,Doctorate,8,Married-civ-spouse,Unmarried,Black,Female,45631,35793,38,Hungary
99,Local-gov,365553,1st-4th,2,Married-spouse-absent,Wife,Amer-Indian-Eskimo,Male,34767,43690,25,Holand-Netherlands
31,State-gov,330526,7th-8th,2,Divorced,Unmarried,Asian-Pac-Islander,Male,33777,10279,37,Iran
71,Self-emp-inc,926715,9th,7,Widowed,Not-in-family,White,Female,36743,36855,37,Italy
73,State-gov,64341,5th-6th,5,Separated,Husband,White,Male,6445,31836,24,Hungary
28,Self-emp-not-inc,771007,Assoc-voc,1,Divorced,Not-in-family,Asian-Pac-Islander,Male,39133,38908,24,France
77,Private,636853,Preschool,2,Married-AF-spouse,Wife,White,Male,45602,6162,24,Holand-Netherlands
65,Local-gov,875164,9th,5,Never-married,Wife,Asian-Pac-Islander,Female,14946,15142,30,Philippines
27,Private,437767,Doctorate,0,Separated,Not-in-family,Black,Female,1879,31188,26,China
20,Self-emp-inc,368775,9th,3,Married-spouse-absent,Own-child,White,Male,48344,34496,30,France
24,Private,238557,HS-grad,10,Widowed,Other-relative,Amer-Indian-Eskimo,Male,47530,48920,38,England
90,Federal-gov,583440,Doctorate,5,Married-AF-spouse,Husband,Asian-Pac-Islander,Male,122,1334,35,Cambodia
53,Federal-gov,796731,12th,3,Divorced,Unmarried,Amer-Indian-Eskimo,Female,37945,13998,24,France
52,Never-worked,979716,Bachelors,0,Married-civ-spouse,Husband,Other,Female,22602,35364,20,Cuba
30,State-gov,920519,Preschool,2,Separated,Other-relative,Black,Female,26833,31778,24,Scotland
96,Local-gov,814544,Doctorate,5,Married-AF-spouse,Own-child,White,Male,30094,31699,40,Holand-Netherlands
25,Private,317169,Doctorate,0,Married-AF-spouse,Own-child,Asian-Pac-Islander,Female,33086,31964,26,Scotland
42,Local-gov,212068,12th,0,Never-married,Not-in-family,White,Male,21803,32079,35,Holand-Netherlands
78,Self-emp-inc,364579,12th,0,Married-civ-spouse,Unmarried,Asian-Pac-Islander,Male,31360,4844,28,Haiti
35,Never-worked,82898,Bachelors,6,Divorced,Not-in-family,Black,Female,4571,6913,30,France
26,Local-gov,944167,10th,8,Divorced,Not-in-family,White,Male,32739,9040,32,China
56,Self-emp-not-inc,715557,5th-6th,1,Married-AF-spouse,Not-in-family,Asian-Pac-Islander,Female,14455,1057,25,Ecuador
35,State-gov,425728,11th,8,Widowed,Other-relative,Other,Male,6471,11077,37,Cuba
64,Private,970924,10th,6,Divorced,Not-in-family,Other,Female,26108,35458,23,Yugoslavia
33,Self-emp-inc,386083,12th,9,Never-married,Wife,Black,Male,28120,223,25,Mexico
42,Self-emp-not-inc,559304,5th-6th,0,Widowed,Other-relative,Amer-Indian-Eskimo,Female,45900,16557,25,Columbia
51,Local-gov,643176,Some-college,10,Never-married,Own-child,White,Male,16908,8164,34,Laos
52,Local-gov,250326,Bachelors,6,Separated,Not-in-family,White,Male,35852,7623,38,Trinadad&Tobago
91,Federal-gov,915585,Prof-school,6,Widowed,Not-in-family,Black,Male,38043,11880,32,Yugoslavia
71,State-gov,762964,Masters,3,Married-spouse-absent,Unmarried,Amer-Indian-Eskimo,Female,25518,41233,31,Mexico
81,Private,420243,Preschool,3,Married-civ-spouse,Not-in-family,Amer-Indian-Eskimo,Female,18150,39133,27,Yugoslavia
29,State-gov,258040,9th,0,Widowed,Unmarried,Other,Male,18357,10346,22,Hong
35,Self-emp-inc,166754,11th,7,Never-married,Not-in-family,Amer-Indian-Eskimo,Male,34035,36128,36,Yugoslavia
78,Without-pay,518336,1st-4th,0,Married-spouse-absent,Wife,White,Female,22271,15231,20,Guatemala
61,Self-emp-not-inc,571756,Prof-school,8,Married-spouse-absent,Own-child,Other,Female,40876,8118,36,Puerto-Rico
91,Federal-gov,123521,7th-8th,6,Divorced,Other-relative,Black,Male,45718,18435,21,Scotland
90,Never-worked,977593,Bachelors,5,Separated,Not-in-family,Black,Female,3413,31297,31,Haiti
66,State-gov,181474,Doctorate,0,Married-spouse-absent,Not-in-family,Other,Male,10186,39431,27,Germany
90,Self-emp-not-inc,266716,Assoc-acdm,6,Separated,Own-child,Amer-Indian-Eskimo,Female,16172,34027,28,Jamaica
100,Local-gov,134217,10th,1,Married-spouse-absent,Unmarried,White,Male,21792,21445,40,Outlying-US(Guam-USVI-etc)
28,Self-emp-not-inc,392865,Assoc-acdm,10,Never-married,Unmarried,Black,Female,31893,24363,26,Ecuador
34,State-gov,148612,Doctorate,3,Widowed,Husband,Asian-Pac-Islander,Male,25412,49366,27,Trinadad&Tobago
30,Federal-gov,906787,Prof-school,4,Widowed,Unmarried,White,Female,9812,34501,20,England
35,Local-gov,877773,Doctorate,3,Married-spouse-absent,Not-in-family,White,Male,7021,1650,30,Mexico
28,Federal-gov,935246,Assoc-acdm,9,Married-spouse-absent,Unmarried,Asian-Pac-Islander,Male,14949,46144,40,Mexico
25,Never-worked,362607,1st-4th,7,Separated,Husband,Other,Male,42832,27917,29,Honduras
30,Private,696005,11th,4,Never-married,Other-relative,Asian-Pac-Islander,Female,40287,30781,28,Poland
27,Local-gov,263730,7th-8th,0,Widowed,Husband,Amer-Indian-Eskimo,Female,35956,5606,26,Vietnam
43,Without-pay,802180,1st-4th,6,Never-married,Own-child,Black,Male,26844,40525,40,India
64,Self-emp-not-inc,557522,Doctorate,9,Never-married,Husband,Other,Male,37934,40252,28,Jamaica
70,State-gov,310596,7th-8th,9,Married-AF-spouse,Own-child,Black,Male,42544,38087,34,France
95,Private,656474,Doctorate,3,Divorced,Unmarried,Other,Female,2757,146,31,Iran
93,Federal-gov,268158,Assoc-acdm,10,Widowed,Other-relative,White,Male,7729,23045,33,Germany
46,Never-worked,954632,10th,2,Married-AF-spouse,Other-relative,Amer-Indian-Eskimo,Male,29987,32666,27,Jamaica
57,Self-emp-not-inc,879748,Preschool,9,Married-civ-spouse,Wife,Asian-Pac-Islander,Female,45418,34848,26,Nicaragua
84,Federal-gov,645308,Assoc-voc,0,Married-spouse-absent,Own-child,Black,Male,6256,39152,28,Cambodia
81,Never-worked,554750,10th,10,Widowed,Wife,Black,Male,21594,4849,39,Ireland
46,Self-emp-not-inc,88251,Bachelors,5,Widowed,Husband,Other,Female,23778,6114,27,El-Salvador
87,State-gov,44006,7th-8th,3,Widowed,Not-in-family,White,Male,26984,11528,40,Scotland
60,State-gov,917919,Preschool,0,Married-AF-spouse,Other-relative,Asian-Pac-Islander,Male,11466,49711,22,Cuba
76,Private,972865,Assoc-voc,5,Separated,Not-in-family,Other,Male,5391,23493,21,Mexico
52,Local-gov,158567,9th,5,Married-spouse-absent,Unmarried,Asian-Pac-Islander,Male,36256,3887,22,China
89,Never-worked,195828,Doctorate,8,Widowed,Unmarried,Amer-Indian-Eskimo,Female,14620,49437,34,Peru
49,Self-emp-inc,469213,12th,1,Never-married,Not-in-family,Asian-Pac-Islander,Female,20435,28553,24,Portugal
52,Local-gov,157020,10th,10,Married-AF-spouse,Wife,Other,Male,44306,36142,32,Dominican-Republic
47,Private,249184,Preschool,1,Married-civ-spouse,Unmarried,Other,Female,47946,10053,21,Iran
31,Local-gov,124122,10th,5,Widowed,Not-in-family,Asian-Pac-Islander,Male,9260,40769,27,France
95,Private,189665,Assoc-acdm,5,Widowed,Wife,Black,Male,9005,2948,23,Holand-Netherlands
59,Self-emp-inc,251161,12th,5,Separated,Unmarried,Asian-Pac-Islander,Female,43615,49866,20,Outlying-US(Guam-USVI-etc)
66,Self-emp-not-inc,245968,Prof-school,9,Married-spouse-absent,Not-in-family,Other,Female,1821,18075,25,Thailand
18,State-gov,258581,10th,6,Married-spouse-absent,Wife,Other,Male,42524,10668,37,Poland
86,Federal-gov,125024,Prof-school,2,Married-AF-spouse,Own-child,Asian-Pac-Islander,Female,19595,34094,38,Puerto-Rico
44,Federal-gov,10988,Prof-school,7,Married-civ-spouse,Not-in-family,Amer-Indian-Eskimo,Male,43637,33672,40,Philippines
72,Never-worked,111433,Doctorate,8,Married-spouse-absent,Other-relative,White,Female,48106,27482,33,Haiti
81,Self-emp-inc,660135,12th,7,Never-married,Not-in-family,Asian-Pac-Islander,Male,32729,31256,38,Nicaragua
42,Never-worked,738334,Some-college,0,Married-spouse-absent,Unmarried,Asian-Pac-Islander,Female,37655,44398,31,Guatemala
84,Federal-gov,965840,7th-8th,3,Never-married,Unmarried,Other,Female,14211,26961,30,Thailand
21,Self-emp-not-inc,448904,Assoc-acdm,4,Married-AF-spouse,Not-in-family,Asian-Pac-Islander,Male,8768,9391,20,South
64,State-gov,311595,5th-6th,6,Married-AF-spouse,Other-relative,Other,Female,23865,28481,30,Iran
22,Never-worked,647896,Bachelors,5,Married-AF-spouse,Own-child,Black,Male,14546,49646,24,Germany
34,State-gov,408637,9th,3,Married-AF-spouse,Other-relative,White,Female,29466,30377,33,El-Salvador
62,Self-emp-not-inc,987757,5th-6th,0,Widowed,Unmarried,White,Female,5741,33873,25,Columbia
18,Self-emp-inc,307027,10th,10,Widowed,Own-child,Asian-Pac-Islander,Male,17514,49169,40,Puerto-Rico
82,Private,906352,Assoc-acdm,10,Divorced,Husband,Black,Female,42200,23531,27,Greece
80,State-gov,449713,7th-8th,2,Widowed,Unmarried,Asian-Pac-Islander,Male,38638,12476,20,Laos
70,Self-emp-inc,958729,HS-grad,5,Married-civ-spouse,Husband,White,Female,13758,19663,25,Laos
56,Without-pay,782725,Masters,3,Separated,Unmarried,Other,Male,39143,1093,35,Scotland
18,Self-emp-inc,619814,9th,0,Married-spouse-absent,Unmarried,Amer-Indian-Eskimo,Female,40700,1926,36,Japan
27,Without-pay,291382,Bachelors,10,Widowed,Unmarried,Black,Male,24848,3862,26,Peru
48,Self-emp-inc,696623,12th,3,Divorced,Own-child,Black,Female,35840,35304,36,Puerto-Rico
80,Local-gov,862042,Doctorate,6,Married-AF-spouse,Not-in-family,Other,Male,14543,7066,36,Outlying-US(Guam-USVI-etc)
44,Private,194499,Assoc-acdm,3,Never-married,Own-child,Asian-Pac-Islander,Female,3818,7260,36,Thailand
62,State-gov,582604,Preschool,8,Divorced,Other-relative,Other,Male,7662,17535,26,Dominican-Republic
44,Private,219341,Prof-school,1,Married-AF-spouse,Unmarried,Asian-Pac-Islander,Male,11622,24140,37,Hungary
64,Private,997387,11th,0,Married-spouse-absent,Husband,Other,Female,45752,3756,27,Thailand
42,Without-pay,679546,9th,8,Widowed,Other-relative,Other,Male,6949,463,37,Greece
85,Never-worked,376913,Masters,8,Never-married,Not-in-family,Black,Female,39476,48541,27,Yugoslavia
97,Local-gov,845685,Assoc-acdm,4,Divorced,Not-in-family,White,Male,5502,44,40,Dominican-Republic
67,Private,496093,10th,7,Married-civ-spouse,Wife,Black,Female,18025,33377,27,Puerto-Rico
59,Local-gov,217819,HS-grad,6,Widowed,Own-child,White,Male,40819,31774,23,Italy
54,Never-worked,955344,Masters,2,Never-married,Husband,Amer-Indian-Eskimo,Female,41351,40883,28,El-Salvador
22,Self-emp-not-inc,229238,Some-college,9,Widowed,Not-in-family,White,Male,49415,20802,35,Taiwan
21,Never-worked,235948,1st-4th,0,Married-civ-spouse,Not-in-family,White,Female,46154,19333,30,Laos
37,Self-emp-inc,52037,11th,3,Separated,Husband,Asian-Pac-Islander,Female,33449,10490,23,Canada
92,Without-pay,934537,Some-college,0,Divorced,Wife,White,Male,369,14764,34,Cuba
41,Federal-gov,690900,Assoc-voc,9,Divorced,Other-relative,White,Female,12392,1874,40,Haiti
56,Never-worked,846078,Some-college,8,Married-spouse-absent,Unmarried,Black,Male,21222,5462,40,Peru
77,State-gov,539709,Some-college,10,Widowed,Other-relative,Amer-Indian-Eskimo,Female,479,22017,37,Trinadad&Tobago
59,Self-emp-inc,260344,12th,5,Divorced,Husband,Black,Female,29108,42156,29,Canada
83,Self-emp-not-inc,974389,5th-6th,8,Widowed,Unmarried,Amer-Indian-Eskimo,Male,21774,31492,23,Hong
73,Federal-gov,603151,Some-college,10,Divorced,Own-child,White,Male,37096,47179,33,Guatemala
73,Without-pay,356684,Masters,3,Married-spouse-absent,Other-relative,Amer-Indian-Eskimo,Female,12093,21655,35,Haiti
39,Self-emp-inc,543994,11th,9,Married-AF-spouse,Wife,Black,Male,49443,21266,26,Dominican-Republic
55,Never-worked,600301,Some-college,6,Separated,Not-in-family,Black,Male,4521,25854,34,England
78,Private,174362,Assoc-voc,10,Widowed,Own-child,White,Female,10896,42091,31,Germany
69,Never-worked,331570,Doctorate,8,Divorced,Unmarried,Amer-Indian-Eskimo,Male,26873,27664,39,Yugoslavia
22,Local-gov,325693,Assoc-acdm,1,Married-AF-spouse,Husband,White,Male,38454,9017,22,Holand-Netherlands
65,State-gov,931806,Doctorate,1,Widowed,Own-child,Amer-Indian-Eskimo,Male,5790,21754,30,El-Salvador
68,Self-emp-not-inc,411975,Some-college,1,Married-civ-spouse,Not-in-family,Amer-Indian-Eskimo,Male,25453,42847,21,Poland
32,State-gov,304710,5th-6th,0,Separated,Husband,Other,Female,14096,4907,33,Greece
89,Local-gov,726731,1st-4th,5,Married-AF-spouse,Unmarried,Black,Male,18716,13600,20,South
81,Without-pay,319848,1st-4th,5,Married-civ-spouse,Husband,Asian-Pac-Islander,Female,28811,8539,31,Hong
31,Local-gov,419247,1st-4th,6,Married-spouse-absent,Other-relative,Black,Male,28657,22659,32,Mexico
58,Self-emp-not-inc,542995,Assoc-voc,10,Married-spouse-absent,Husband,Other,Female,13868,12842,31,Holand-Netherlands
28,State-gov,357920,5th-6th,10,Never-married,Own-child,White,Male,8654,25333,30,Jamaica
77,Self-emp-not-inc,789948,5th-6th,10,Never-married,Husband,Black,Female,73,671,39,India
62,Local-gov,211370,Doctorate,10,Never-married,Own-child,Asian-Pac-Islander,Male,3070,3460,23,Outlying-US(Guam-USVI-etc)
93,Private,930746,Assoc-acdm,0,Married-AF-spouse,Wife,White,Female,1348,12941,36,Philippines
99,State-gov,718502,12th,7,Married-civ-spouse,Not-in-family,Other,Female,33876,24072,34,El-Salvador
81,Local-gov,723976,Assoc-acdm,2,Never-married,Own-child,Amer-Indian-Eskimo,Female,36737,120,40,Mexico
27,Self-emp-not-inc,876146,Doctorate,10,Divorced,Wife,Amer-Indian-Eskimo,Female,10404,45269,38,India
72,Private,77212,7th-8th,6,Divorced,Other-relative,Amer-Indian-Eskimo,Female,49844,35682,27,Columbia
42,Without-pay,385747,Bachelors,2,Divorced,Wife,White,Male,17878,9876,23,Hungary
88,Self-emp-inc,369839,7th-8th,9,Separated,Unmarried,Asian-Pac-Islander,Male,46096,28390,36,Hungary
69,Private,220643,Prof-school,10,Widowed,Other-relative,Asian-Pac-Islander,Female,45198,32124,34,Yugoslavia
88,Self-emp-inc,950981,7th-8th,6,Separated,Other-relative,Black,Female,13084,42188,37,South
76,Self-emp-inc,720080,11th,1,Married-AF-spouse,Husband,Other,Female,33297,18637,33,England
20,Local-gov,51135,Doctorate,9,Never-married,Wife,White,Male,49074,23872,32,South
86,Self-emp-inc,105061,Bachelors,10,Married-spouse-absent,Husband,White,Female,8666,6366,27,Honduras
89,Without-pay,153211,12th,6,Divorced,Other-relative,White,Female,30757,6064,29,Cuba
73,Private,644006,HS-grad,7,Married-AF-spouse,Own-child,Asian-Pac-Islander,Male,46499,22887,40,China
30,State-gov,269337,10th,7,Widowed,Not-in-family,Black,Female,16879,41419,36,United-States
58,Private,346760,HS-grad,3,Divorced,Husband,Asian-Pac-Islander,Female,38050,24972,23,Columbia
83,Private,23898,10th,8,Separated,Wife,Amer-Indian-Eskimo,Female,33255,45485,40,Guatemala
92,Federal-gov,232131,12th,10,Married-spouse-absent,Not-in-family,Other,Male,22979,23949,34,Cambodia
33,Without-pay,626985,5th-6th,5,Never-married,Not-in-family,Black,Female,5387,45047,25,Hungary
90,Self-emp-not-inc,801129,12th,3,Never-married,Other-relative,Other,Female,48827,11910,24,Japan
39,Private,598805,Prof-school,9,Married-spouse-absent,Unmarried,Other,Male,25034,8822,33,Mexico
76,State-gov,600054,Doctorate,0,Married-AF-spouse,Wife,Other,Male,31625,45980,26,South
62,State-gov,309796,5th-6th,1,Married-civ-spouse,Wife,Other,Female,2682,15397,38,Yugoslavia
49,State-gov,530634,5th-6th,0,Widowed,Own-child,Amer-Indian-Eskimo,Male,6313,9846,32,Hong
35,Federal-gov,92861,12th,5,Married-AF-spouse,Other-relative,White,Male,11742,25439,36,Puerto-Rico
51,Private,627235,Doctorate,5,Widowed,Other-relative,White,Female,13686,24549,37,Ecuador
46,Without-pay,637145,9th,5,Married-AF-spouse,Other-relative,Amer-Indian-Eskimo,Male,35071,41199,38,Jamaica
58,Local-gov,437417,Prof-school,2,Married-AF-spouse,Not-in-family,Black,Male,29215,21506,24,Cambodia
25,Private,851426,10th,1,Married-AF-spouse,Husband,Black,Female,38452,28658,28,Scotland
34,Self-emp-not-inc,88478,Assoc-acdm,9,Married-spouse-absent,Wife,White,Female,4747,1937,20,Scotland
94,Never-worked,363573,Masters,10,Widowed,Husband,White,Male,11357,11466,28,France
32,Self-emp-inc,459770,Some-college,4,Married-spouse-absent,Husband,Black,Male,11039,30658,21,Laos
83,Local-gov,613460,Assoc-voc,10,Never-married,Not-in-family,Amer-Indian-Eskimo,Male,2160,43071,40,South
84,Private,542282,Prof-school,2,Widowed,Other-relative,Asian-Pac-Islander,Female,2446,14922,20,Scotland
24,Local-gov,855392,9th,7,Never-married,Husband,Black,Female,31469,11753,37,Iran
44,Private,329775,Prof-school,3,Separated,Unmarried,Other,Male,4095,21825,38,Hong
89,Self-emp-inc,139254,12th,6,Separated,Unmarried,Other,Male,21062,44094,36,Holand-Netherlands
80,Never-worked,186161,HS-grad,5,Separated,Not-in-family,Asian-Pac-Islander,Female,26980,6666,33,Portugal
23,Without-pay,549975,Bachelors,7,Never-married,Not-in-family,White,Male,36048,14924,23,Yugoslavia
66,Self-emp-inc,156296,12th,0,Separated,Not-in-family,Other,Female,1048,5083,26,Italy
83,Local-gov,243493,10th,9,Widowed,Not-in-family,Asian-Pac-Islander,Male,607,14770,29,Puerto-Rico
85,Private,695605,Assoc-acdm,4,Separated,Other-relative,Other,Female,29839,47391,26,Hong
60,Federal-gov,246302,Masters,6,Separated,Unmarried,Black,Male,27782,45005,40,Iran
45,Never-worked,63187,11th,6,Married-AF-spouse,Own-child,Black,Female,22057,12105,20,Puerto-Rico
99,Private,726623,Prof-school,9,Married-civ-spouse,Unmarried,Black,Male,14911,26949,38,India
54,Without-pay,22997,12th,2,Married-AF-spouse,Wife,Amer-Indian-Eskimo,Female,49829,23998,25,France
39,Federal-gov,705850,HS-grad,7,Married-AF-spouse,Wife,Asian-Pac-Islander,Male,40215,20469,32,Yugoslavia
36,Without-pay,219963,Some-college,2,Divorced,Other-relative,Asian-Pac-Islander,Male,21241,8629,38,Japan
73,Self-emp-not-inc,137947,Some-college,9,Widowed,Wife,Black,Female,8583,18024,32,Trinadad&Tobago
47,Self-emp-inc,798744,9th,7,Married-spouse-absent,Own-child,Black,Male,21357,26533,20,Columbia
55,Private,376528,10th,9,Married-civ-spouse,Husband,White,Female,25939,41947,40,Philippines
45,State-gov,633504,12th,9,Separated,Own-child,Asian-Pac-Islander,Male,24552,18020,27,Columbia
20,Never-worked,908512,5th-6th,10,Never-married,Unmarried,Asian-Pac-Islander,Male,43660,29984,31,Greece
38,Private,930243,Assoc-acdm,0,Separated,Own-child,Amer-Indian-Eskimo,Female,20726,44548,31,Haiti
35,Federal-gov,661677,Masters,5,Widowed,Husband,Black,Male,23085,4746,31,United-States
39,Never-worked,770205,HS-grad,2,Separated,Other-relative,Asian-Pac-Islander,Male,6619,27986,33,Mexico
50,Local-gov,713992,1st-4th,1,Married-AF-spouse,Unmarried,Amer-Indian-Eskimo,Female,27805,2477,20,Haiti
28,Without-pay,313754,1st-4th,1,Married-civ-spouse,Own-child,White,Female,33293,38168,38,Iran
45,Self-emp-not-inc,136408,Assoc-voc,6,Separated,Not-in-family,Asian-Pac-Islander,Male,39568,2520,33,Iran
53,Private,119522,HS-grad,8,Married-AF-spouse,Own-child,Black,Female,26379,24259,34,Ecuador
98,Federal-gov,699452,1st-4th,4,Separated,Wife,Black,Male,40335,42545,25,Portugal
46,Private,660489,HS-grad,0,Divorced,Own-child,Black,Female,21054,29602,30,Honduras
76,Without-pay,803914,1st-4th,8,Widowed,Husband,Other,Male,24699,45011,31,Outlying-US(Guam-USVI-etc)
62,Self-emp-not-inc,190064,Assoc-voc,3,Separated,Own-child,Amer-Indian-Eskimo,Female,12100,23152,34,Japan
77,Federal-gov,161,Masters,7,Separated,Other-relative,Asian-Pac-Islander,Female,17735,25777,38,Ecuador
33,Private,792445,10th,5,Divorced,Wife,Black,Female,28725,35527,20,India
44,Local-gov,130707,Assoc-acdm,0,Divorced,Other-relative,Other,Male,36321,20341,30,Greece
32,Never-worked,165644,HS-grad,0,Divorced,Not-in-family,Asian-Pac-Islander,Female,47844,10954,33,Hungary
79,State-gov,222125,9th,1,Never-married,Not-in-family,Black,Male,28671,11955,26,Dominican-Republic
62,State-gov,258000,5th-6th,3,Divorced,Unmarried,Black,Male,40774,11400,30,Poland
58,Federal-gov,981875,HS-grad,6,Never-married,Own-child,Asian-Pac-Islander,Male,19026,32121,40,Peru
61,Private,74769,Preschool,9,Married-civ-spouse,Husband,Other,Male,14207,26581,33,Laos
84,Self-emp-inc,566996,9th,5,Widowed,Own-child,Asian-Pac-Islander,Female,7021,20127,40,Puerto-Rico
98,State-gov,967279,5th-6th,2,Separated,Wife,Asian-Pac-Islander,Male,6062,6931,31,Outlying-US(Guam-USVI-etc)
36,Local-gov,895372,Masters,8,Divorced,Own-child,Amer-Indian-Eskimo,Female,30551,33032,26,Greece
43,Self-emp-not-inc,391463,5th-6th,10,Divorced,Unmarried,Other,Male,15264,16947,23,Iran
54,Self-emp-inc,71485,12th,0,Married-civ-spouse,Husband,Other,Female,25790,8502,23,Jamaica
68,Never-worked,510585,1st-4th,4,Widowed,Own-child,Other,Male,34039,33629,35,Holand-Netherlands
37,Self-emp-inc,38423,12th,3,Divorced,Not-in-family,Amer-Indian-Eskimo,Female,26116,23197,29,Canada
69,Never-worked,839793,Some-college,8,Separated,Own-child,White,Female,9301,20863,27,Guatemala
89,Self-emp-inc,579497,7th-8th,2,Married-spouse-absent,Own-child,Other,Male,33356,25942,36,Haiti
58,State-gov,870604,7th-8th,3,Separated,Wife,Amer-Indian-Eskimo,Male,13291,45639,29,Philippines
97,Federal-gov,949017,Assoc-acdm,9,Never-married,Wife,White,Female,7284,32213,27,United-States
54,Never-worked,922875,Doctorate,1,Married-civ-spouse,Husband,Amer-Indian-Eskimo,Male,25632,35757,33,Poland
22,Self-emp-inc,92506,7th-8th,9,Divorced,Not-in-family,Black,Male,35181,47151,27,Poland
81,Self-emp-inc,374099,12th,0,Married-civ-spouse,Other-relative,Asian-Pac-Islander,Female,530,45760,34,Canada
24,Never-worked,424860,Doctorate,4,Married-civ-spouse,Wife,Other,Female,6619,13807,21,France
19,Self-emp-inc,158093,HS-grad,1,Married-spouse-absent,Own-child,White,Male,2939,20399,22,Greece
47,Private,14604,Doctorate,10,Divorced,Other-relative,Other,Male,44161,31430,31,United-States
67,Self-emp-not-inc,690629,Assoc-voc,1,Married-civ-spouse,Not-in-family,White,Male,15196,31193,31,Dominican-Republic
30,Local-gov,880036,10th,9,Separated,Husband,Asian-Pac-Islander,Male,36342,26647,32,Mexico
70,Without-pay,671861,Some-college,1,Married-spouse-absent,Other-relative,Amer-Indian-Eskimo,Female,20842,29132,20,Jamaica
90,Local-gov,447942,Assoc-acdm,2,Married-civ-spouse,Own-child,Asian-Pac-Islander,Male,3122,2614,22,Mexico
80,Self-emp-inc,414876,11th,9,Married-spouse-absent,Unmarried,Amer-Indian-Eskimo,Male,32949,44296,29,Trinadad&Tobago
19,Self-emp-inc,3186,11th,2,Widowed,Other-relative,Amer-Indian-Eskimo,Male,20553,47158,33,Iran
80,Private,417044,1st-4th,2,Divorced,Unmarried,White,Female,4975,37398,27,Peru
24,Local-gov,111057,Assoc-acdm,1,Separated,Other-relative,White,Male,5973,35194,38,France
71,Self-emp-not-inc,921805,Masters,10,Separated,Unmarried,White,Male,25371,25170,35,China
63,Self-emp-not-inc,465484,Prof-school,7,Married-AF-spouse,Not-in-family,Asian-Pac-Islander,Female,32308,26867,37,Japan
27,State-gov,389100,Doctorate,9,Separated,Other-relative,Other,Male,18968,26881,29,Ireland
86,Private,986328,Prof-school,10,Divorced,Unmarried,Black,Female,48424,46243,20,United-States
47,Local-gov,833502,Assoc-acdm,9,Divorced,Wife,Other,Male,46559,23497,27,France
72,Never-worked,966549,1st-4th,6,Married-spouse-absent,Other-relative,Asian-Pac-Islander,Male,36101,2204,25,Vietnam
89,Never-worked,429641,HS-grad,5,Married-spouse-absent,Not-in-family,Black,Female,24086,30389,40,Taiwan
72,Local-gov,129846,9th,0,Married-spouse-absent,Other-relative,Other,Male,9183,40371,40,Ireland
89,State-gov,842257,Masters,4,Married-AF-spouse,Husband,Amer-Indian-Eskimo,Female,42671,35134,30,Outlying-US(Guam-USVI-etc)
35,Private,466770,Prof-school,0,Married-AF-spouse,Not-in-family,Amer-Indian-Eskimo,Male,36178,9218,25,Vietnam
97,State-gov,574461,5th-6th,0,Married-civ-spouse,Husband,Asian-Pac-Islander,Female,41285,17025,28,France
39,Self-emp-inc,307651,11th,5,Married-spouse-absent,Own-child,Amer-Indian-Eskimo,Male,41339,37745,28,Mexico
77,Without-pay,569303,Bachelors,2,Never-married,Husband,White,Male,46275,44157,37,Ecuador
98,Self-emp-inc,797297,7th-8th,7,Never-married,Husband,Amer-Indian-Eskimo,Female,46023,16265,30,England
38,State-gov,665236,Preschool,2,Married-spouse-absent,Wife,Other,Male,15180,38791,34,El-Salvador
50,Never-worked,285261,HS-grad,0,Married-civ-spouse,Husband,White,Female,18527,38874,26,China
26,Self-emp-inc,935799,12th,5,Never-married,Unmarried,Amer-Indian-Eskimo,Male,28509,2485,27,Cuba
59,Self-emp-not-inc,175286,Preschool,3,Never-married,Own-child,White,Female,30733,37126,24,Laos
70,Federal-gov,867585,1st-4th,3,Married-spouse-absent,Husband,Asian-Pac-Islander,Female,46236,13302,31,Columbia
77,Without-pay,136017,Some-college,6,Widowed,Other-relative,White,Male,20808,34576,35,Germany
24,Self-emp-not-inc,994800,Prof-school,10,Married-AF-spouse,Other-relative,White,Female,47296,10524,29,Italy
24,State-gov,984462,5th-6th,3,Never-married,Other-relative,White,Male,23160,20593,25,Greece
44,Self-emp-inc,70889,11th,5,Widowed,Husband,White,Male,33663,11421,29,Outlying-US(Guam-USVI-etc)
25,Local-gov,310282,12th,4,Married-AF-spouse,Wife,Black,Male,6325,43593,35,Vietnam
24,Self-emp-inc,628965,Bachelors,10,Never-married,Not-in-family,White,Female,810,35674,28,United-States
30,Without-pay,748721,Masters,9,Married-AF-spouse,Wife,White,Male,44932,40164,27,Ireland
57,Self-emp-not-inc,823025,9th,4,Never-married,Not-in-family,Black,Female,745,45618,28,Japan
25,Self-emp-inc,615877,7th-8th,6,Never-married,Unmarried,Other,Female,36073,25595,23,Mexico
90,Local-gov,376872,Doctorate,5,Married-AF-spouse,Not-in-family,White,Female,1075,19591,33,Yugoslavia
64,Self-emp-not-inc,381870,Assoc-voc,1,Married-AF-spouse,Not-in-family,Black,Female,21041,49513,24,Cuba
52,Private,322545,10th,7,Divorced,Wife,Black,Male,11207,17883,34,Nicaragua
40,Without-pay,459470,Some-college,3,Married-AF-spouse,Own-child,White,Male,41921,17390,20,Ecuador
74,Self-emp-inc,98632,9th,4,Married-AF-spouse,Other-relative,Black,Male,11737,10683,31,Vietnam
90,Private,175548,Doctorate,10,Married-civ-spouse,Unmarried,Black,Female,3012,26589,29,Italy
22,Federal-gov,452465,Masters,7,Separated,Not-in-family,Asian-Pac-Islander,Male,20272,36386,29,Mexico
73,Without-pay,658529,Preschool,5,Never-married,Wife,Black,Male,25905,40794,34,Columbia
52,Never-worked,140465,HS-grad,9,Divorced,Unmarried,Amer-Indian-Eskimo,Female,19491,26871,36,Trinadad&Tobago
88,Self-emp-inc,143482,12th,4,Married-AF-spouse,Other-relative,Asian-Pac-Islander,Female,4976,27133,27,Canada
80,Self-emp-not-inc,948961,Bachelors,1,Married-AF-spouse,Wife,Other,Female,6687,13990,20,Trinadad&Tobago
37,Federal-gov,765487,1st-4th,6,Separated,Unmarried,White,Male,43793,26572,27,Italy
75,State-gov,482088,Doctorate,6,Married-spouse-absent,Husband,Amer-Indian-Eskimo,Male,16879,25620,26,Puerto-Rico
26,Private,79912,11th,3,Divorced,Unmarried,Black,Male,37446,18895,39,France
100,Local-gov,726227,7th-8th,0,Separated,Not-in-family,White,Male,9827,39641,25,Greece
78,Self-emp-not-inc,247104,Assoc-acdm,1,Married-spouse-absent,Other-relative,Asian-Pac-Islander,Male,42354,25006,21,France
92,Without-pay,469206,Assoc-acdm,0,Divorced,Husband,Other,Male,3000,23774,27,Hungary
87,Private,882289,Prof-school,3,Widowed,Own-child,Other,Male,45028,40940,29,Columbia
58,Private,333417,Assoc-acdm,5,Married-spouse-absent,Wife,Other,Male,16371,11835,24,Japan
81,Never-worked,316954,Masters,4,Separated,Other-relative,Asian-Pac-Islander,Female,13127,42221,21,Trinadad&Tobago
66,Self-emp-inc,353863,7th-8th,1,Separated,Husband,Asian-Pac-Islander,Female,6182,27627,28,Outlying-US(Guam-USVI-etc)
20,State-gov,158320,Some-college,9,Never-married,Wife,White,Female,9700,42146,21,Poland
34,Local-gov,249935,Masters,6,Married-AF-spouse,Wife,Black,Female,44794,25315,40,United-States
58,Private,303708,Prof-school,10,Divorced,Husband,Asian-Pac-Islander,Male,8559,29975,40,Hong
25,Federal-gov,347247,Masters,6,Widowed,Husband,White,Male,30347,46929,31,Honduras
82,Private,125994,5th-6th,2,Separated,Not-in-family,Black,Female,11118,25069,37,Columbia
50,Federal-gov,507975,1st-4th,5,Married-spouse-absent,Not-in-family,Other,Female,35316,40653,20,Italy
87,Private,318865,5th-6th,7,Married-spouse-absent,Wife,Black,Female,45997,32125,30,Vietnam
56,Local-gov,354700,Prof-school,10,Married-AF-spouse,Wife,Asian-Pac-Islander,Male,7430,45854,36,Puerto-Rico
37,Private,434773,Doctorate,1,Divorced,Own-child,Black,Female,48074,2309,37,Philippines
75,Self-emp-inc,945165,12th,4,Divorced,Not-in-family,Other,Male,21232,46267,23,Holand-Netherlands
72,Never-worked,585768,Some-college,9,Separated,Wife,Amer-Indian-Eskimo,Female,8602,7985,20,India
31,Self-emp-not-inc,73338,Assoc-voc,0,Married-spouse-absent,Wife,White,Female,40957,43301,23,Jamaica
36,Private,366011,Preschool,1,Married-AF-spouse,Unmarried,White,Female,14969,46142,20,England
46,Never-worked,132974,10th,0,Married-spouse-absent,Husband,White,Male,19566,28172,38,China
26,State-gov,743325,5th-6th,7,Never-married,Wife,Other,Male,48120,35642,27,Scotland
23,Without-pay,173325,Some-college,10,Married-AF-spouse,Own-child,Amer-Indian-Eskimo,Female,22840,43786,36,Philippines
43,Self-emp-not-inc,193147,Assoc-voc,5,Separated,Wife,Other,Female,8489,18657,23,El-Salvador
66,Federal-gov,170953,Assoc-acdm,5,Married-AF-spouse,Other-relative,Black,Male,7043,15635,37,Germany
45,Without-pay,518195,Bachelors,9,Widowed,Unmarried,Asian-Pac-Islander,Female,39569,8154,40,Hungary
79,Self-emp-not-inc,727759,9th,0,Separated,Own-child,Amer-Indian-Eskimo,Male,42686,8803,21,Hungary
95,Local-gov,771581,Doctorate,3,Married-AF-spouse,Other-relative,Amer-Indian-Eskimo,Male,23859,8409,32,Greece
52,Self-emp-inc,795200,10th,2,Separated,Wife,Asian-Pac-Islander,Male,15060,8054,34,Yugoslavia
97,Local-gov,408418,12th,2,Divorced,Own-child,Black,Male,25524,47470,21,Italy
55,Self-emp-not-inc,880327,Some-college,10,Never-married,Unmarried,Amer-Indian-Eskimo,Female,19254,47815,33,Cambodia
70,Private,4324,Prof-school,3,Married-civ-spouse,Husband,Amer-Indian-Eskimo,Female,33827,24917,32,South
95,Without-pay,585864,1st-4th,5,Divorced,Not-in-family,Other,Male,39865,31348,40,Portugal
33,Never-worked,839691,10th,9,Married-spouse-absent,Own-child,Black,Female,49028,450,23,Puerto-Rico
68,Local-gov,92416,9th,10,Separated,Unmarried,Amer-Indian-Eskimo,Female,15493,46058,30,Iran
28,State-gov,605909,Doctorate,1,Married-AF-spouse,Not-in-family,Black,Female,2035,12442,37,Dominican-Republic
78,Self-emp-inc,900636,7th-8th,3,Widowed,Husband,Amer-Indian-Eskimo,Female,24747,3144,23,South
31,Federal-gov,800339,Assoc-voc,2,Married-civ-spouse,Other-relative,Black,Male,2795,45644,22,Holand-Netherlands
88,Never-worked,164919,Doctorate,7,Married-spouse-absent,Wife,White,Male,38069,17405,30,India
30,Self-emp-inc,782524,Bachelors,0,Married-AF-spouse,Own-child,Asian-Pac-Islander,Female,28241,12410,36,Germany
26,Local-gov,670024,9th,7,Married-AF-spouse,Own-child,Black,Male,12292,29930,21,Hong
24,Without-pay,485645,Bachelors,3,Widowed,Other-relative,Amer-Indian-Eskimo,Female,27263,14027,22,Hungary
97,Never-worked,427341,HS-grad,5,Separated,Own-child,Asian-Pac-Islander,Female,13555,11906,34,Scotland
21,State-gov,47791,5th-6th,4,Married-AF-spouse,Unmarried,Asian-Pac-Islander,Female,44199,41027,31,Trinadad&Tobago
28,Local-gov,558138,10th,1,Married-spouse-absent,Wife,White,Male,21761,18907,26,Poland
52,Self-emp-inc,556245,11th,9,Never-married,Unmarried,Other,Female,33548,15998,27,Hong
82,Federal-gov,387423,Assoc-acdm,7,Married-spouse-absent,Unmarried,Asian-Pac-Islander,Male,13219,45159,28,South
19,Private,377597,Preschool,10,Married-spouse-absent,Wife,Black,Male,19478,7665,37,Nicaragua
57,Federal-gov,238793,Assoc-acdm,6,Never-married,Wife,Asian-Pac-Islander,Male,40901,14742,24,Scotland
57,Without-pay,648058,1st-4th,9,Separated,Other-relative,White,Male,46961,11221,30,Yugoslavia
53,Private,511340,Doctorate,4,Never-married,Other-relative,Black,Female,8130,5698,38,Taiwan
19,Self-emp-inc,828466,12th,2,Married-AF-spouse,Own-child,Other,Male,44159,15706,21,Ireland
37,Local-gov,102108,1st-4th,7,Married-civ-spouse,Other-relative,Other,Male,43895,36628,26,Vietnam
23,Self-emp-not-inc,107432,Some-college,9,Never-married,Husband,Other,Female,2961,16828,35,Ecuador
20,Self-emp-not-inc,790025,Bachelors,2,Divorced,Not-in-family,Other,Female,4722,17011,20,Nicaragua
80,Without-pay,756059,1st-4th,4,Married-civ-spouse,Own-child,White,Male,28840,5448,24,Hungary
19,Never-worked,114809,Doctorate,3,Never-married,Wife,Amer-Indian-Eskimo,Female,36263,42305,29,England
36,Federal-gov,540646,10th,5,Married-AF-spouse,Own-child,Other,Female,28388,33050,36,Thailand
85,State-gov,92735,Preschool,4,Never-married,Husband,White,Female,8961,13239,37,Iran
82,Self-emp-inc,187160,7th-8th,6,Never-married,Unmarried,Black,Male,36370,16829,27,Mexico
89,Self-emp-not-inc,657050,Assoc-voc,8,Married-spouse-absent,Other-relative,Amer-Indian-Eskimo,Male,33808,41771,24,United-States
80,Private,890154,Doctorate,9,Widowed,Husband,White,Male,21655,19027,20,Columbia
98,Self-emp-not-inc,4731,7th-8th,1,Separated,Wife,Amer-Indian-Eskimo,Male,12386,28351,31,South
80,Local-gov,540437,1st-4th,6,Widowed,Not-in-family,Amer-Indian-Eskimo,Female,43527,22331,31,Italy
39,Never-worked,681347,11th,0,Married-civ-spouse,Unmarried,Amer-Indian-Eskimo,Female,10573,9194,30,Ecuador
31,Without-pay,263761,Masters,7,Separated,Other-relative,Other,Male,5606,11015,27,Cambodia
44,Never-worked,371308,11th,2,Divorced,Husband,Amer-Indian-Eskimo,Female,2170,865,33,Holand-Netherlands
49,Local-gov,348565,Prof-school,8,Married-spouse-absent,Own-child,Amer-Indian-Eskimo,Female,26689,47678,30,Haiti
48,Without-pay,722184,12th,1,Married-AF-spouse,Not-in-family,Amer-Indian-Eskimo,Female,27854,4609,39,England
62,Without-pay,193550,Some-college,0,Divorced,Not-in-family,Other,Male,817,7178,32,Poland
84,Private,262452,Prof-school,7,Never-married,Unmarried,Black,Female,4880,26789,21,France
97,Federal-gov,302643,Masters,3,Widowed,Wife,White,Male,37271,42812,23,Nicaragua
72,Self-emp-not-inc,487855,5th-6th,10,Divorced,Other-relative,Asian-Pac-Islander,Male,21341,32211,37,Germany
73,Self-emp-inc,403747,Prof-school,4,Married-civ-spouse,Husband,White,Female,25985,27865,29,Peru
63,Without-pay,149723,Preschool,5,Married-AF-spouse,Wife,Other,Female,15432,7969,39,France
100,Without-pay,338576,Masters,5,Married-spouse-absent,Unmarried,Asian-Pac-Islander,Male,10697,3313,22,Haiti
82,Self-emp-inc,750579,Bachelors,2,Married-spouse-absent,Own-child,White,Female,28109,1981,33,Thailand
43,Never-worked,508152,10th,1,Separated,Wife,White,Male,5276,1192,24,Ireland
87,Private,247569,Prof-school,6,Divorced,Not-in-family,Amer-Indian-Eskimo,Female,25808,1413,40,Japan
61,State-gov,29561,Masters,8,Divorced,Own-child,Asian-Pac-Islander,Female,13457,48964,31,Ecuador
61,State-gov,702021,7th-8th,6,Married-civ-spouse,Own-child,Other,Male,15492,28489,25,Laos
34,Never-worked,936036,Prof-school,0,Married-civ-spouse,Husband,Black,Female,44272,28459,25,Greece
63,Self-emp-not-inc,498766,9th,1,Widowed,Own-child,Amer-Indian-Eskimo,Male,47757,45127,40,Haiti
31,Local-gov,340513,Doctorate,10,Divorced,Own-child,White,Male,20835,834,28,Yugoslavia
32,Self-emp-inc,352641,Some-college,10,Widowed,Unmarried,White,Female,5236,21369,37,Ireland
22,Never-worked,668947,11th,2,Widowed,Not-in-family,White,Male,31691,45358,21,Dominican-Republic
27,Local-gov,809191,5th-6th,6,Married-spouse-absent,Other-relative,Other,Male,44346,10058,26,Taiwan
95,Never-worked,887602,1st-4th,8,Married-civ-spouse,Wife,Black,Female,24032,29764,36,Yugoslavia
18,Local-gov,699216,Assoc-acdm,10,Widowed,Unmarried,Amer-Indian-Eskimo,Female,12775,7137,34,Scotland
55,Without-pay,990955,10th,3,Married-spouse-absent,Unmarried,Asian-Pac-Islander,Female,39408,24061,39,Dominican-Republic
73,Federal-gov,491741,Assoc-voc,9,Married-AF-spouse,Own-child,Asian-Pac-Islander,Female,17819,10327,21,Laos
31,Federal-gov,843602,10th,2,Divorced,Other-relative,Asian-Pac-Islander,Female,19060,8849,26,Philippines
46,Without-pay,658464,12th,8,Never-married,Other-relative,Amer-Indian-Eskimo,Female,39402,31987,24,Iran
85,Self-emp-not-inc,592678,Assoc-acdm,7,Widowed,Not-in-family,White,Female,36665,13257,23,Laos
47,Federal-gov,221041,1st-4th,7,Separated,Wife,White,Male,38486,16547,38,Ireland
79,Private,381858,Assoc-acdm,7,Divorced,Unmarried,Amer-Indian-Eskimo,Male,218,35022,39,China
77,Private,206435,Preschool,8,Married-AF-spouse,Wife,Black,Female,14846,32784,35,Jamaica
91,State-gov,984870,Doctorate,8,Married-civ-spouse,Own-child,Amer-Indian-Eskimo,Female,25881,44450,34,Cuba
97,Private,628140,Bachelors,5,Married-spouse-absent,Other-relative,White,Female,34701,45924,34,South
82,State-gov,741764,12th,1,Never-married,Wife,Amer-Indian-Eskimo,Male,18835,33119,21,Germany
32,Without-pay,227110,10th,9,Married-civ-spouse,Unmarried,Asian-Pac-Islander,Female,17474,22280,35,Guatemala
28,Without-pay,266366,9th,7,Widowed,Unmarried,Other,Male,30730,10809,23,Japan
90,Federal-gov,790087,Assoc-voc,4,Divorced,Not-in-family,Asian-Pac-Islander,Female,13132,24964,25,Trinadad&Tobago
67,Local-gov,868912,10th,5,Never-married,Other-relative,Black,Male,49304,36145,25,Haiti
25,Self-emp-not-inc,349080,5th-6th,2,Married-AF-spouse,Other-relative,Asian-Pac-Islander,Female,10411,27875,30,Iran
19,Self-emp-not-inc,343635,Assoc-voc,5,Widowed,Own-child,Other,Female,9060,3191,35,Columbia
18,State-gov,623547,5th-6th,1,Married-spouse-absent,Husband,White,Male,32785,1339,33,Mexico
56,Self-emp-not-inc,893863,Preschool,7,Widowed,Unmarried,Asian-Pac-Islander,Female,33067,29963,33,Trinadad&Tobago
77,Local-gov,830706,7th-8th,8,Widowed,Unmarried,Black,Male,31777,24275,27,Yugoslavia
47,Without-pay,402545,Preschool,10,Married-civ-spouse,Own-child,Asian-Pac-Islander,Female,31255,41218,35,El-Salvador
46,Private,523340,Assoc-acdm,5,Separated,Wife,White,Female,37226,33594,31,Yugoslavia
66,Local-gov,8595,10th,8,Married-spouse-absent,Unmarried,Black,Male,17203,45291,29,Guatemala
78,Private,69939,5th-6th,2,Married-civ-spouse,Unmarried,White,Male,34749,2256,27,Puerto-Rico
35,Self-emp-inc,462865,9th,8,Widowed,Other-relative,Asian-Pac-Islander,Female,21485,49834,24,China
33,State-gov,477866,12th,1,Married-AF-spouse,Unmarried,White,Female,5053,5770,36,Honduras
27,Private,959589,Prof-school,7,Divorced,Husband,Black,Male,29861,4607,28,Yugoslavia
48,Self-emp-inc,847489,11th,9,Never-married,Other-relative,Asian-Pac-Islander,Male,22033,41418,31,Laos
86,Without-pay,367307,Some-college,2,Separated,Husband,Other,Male,36248,14530,33,Portugal
34,Private,185368,Prof-school,10,Married-civ-spouse,Wife,Other,Female,972,3505,38,Portugal
63,Local-gov,785276,Doctorate,9,Married-spouse-absent,Unmarried,Black,Male,16819,30243,32,Italy
87,Without-pay,864253,Preschool,9,Married-AF-spouse,Wife,Amer-Indian-Eskimo,Female,33266,11509,24,Hungary
77,Self-emp-inc,246056,11th,0,Married-spouse-absent,Unmarried,Other,Male,33884,11598,20,Portugal
44,Without-pay,756804,Masters,8,Divorced,Husband,Amer-Indian-Eskimo,Male,49037,44578,40,Columbia
47,Never-worked,983422,Bachelors,0,Married-civ-spouse,Wife,Black,Male,27785,9080,24,India
100,Federal-gov,516946,Masters,5,Married-AF-spouse,Unmarried,Other,Male,21505,39422,25,Guatemala
75,Without-pay,157291,7th-8th,10,Married-AF-spouse,Husband,Amer-Indian-Eskimo,Female,17649,2629,26,United-States
99,Self-emp-not-inc,549817,11th,5,Separated,Husband,Asian-Pac-Islander,Female,1369,40326,36,Germany
83,Self-emp-inc,348180,12th,10,Married-civ-spouse,Wife,White,Male,127,38853,27,Laos
79,Never-worked,483140,HS-grad,5,Never-married,Other-relative,Black,Male,42716,13337,28,South
38,Self-emp-not-inc,974767,Assoc-acdm,10,Never-married,Own-child,Other,Female,18885,30845,27,Portugal
87,Federal-gov,706188,1st-4th,5,Never-married,Not-in-family,Other,Male,26179,36330,20,Guatemala
61,Never-worked,223630,11th,3,Divorced,Own-child,Amer-Indian-Eskimo,Female,32616,39584,38,Dominican-Republic
48,Federal-gov,878002,HS-grad,8,Married-civ-spouse,Husband,White,Male,37079,23562,31,Dominican-Republic
28,State-gov,56168,5th-6th,10,Married-AF-spouse,Not-in-family,Other,Male,27234,48663,37,Scotland
88,Self-emp-inc,470511,Bachelors,10,Married-AF-spouse,Other-relative,White,Female,43828,42689,24,United-States
21,Local-gov,469765,Prof-school,7,Married-civ-spouse,Unmarried,Other,Female,42485,19285,36,United-States
41,Local-gov,845931,10th,5,Separated,Own-child,White,Male,3230,40000,34,Outlying-US(Guam-USVI-etc)
18,Self-emp-not-inc,52150,Preschool,8,Married-spouse-absent,Own-child,Amer-Indian-Eskimo,Female,44305,41960,34,Thailand
74,Self-emp-not-inc,637386,7th-8th,6,Widowed,Husband,Amer-Indian-Eskimo,Female,13800,34550,29,Cuba
71,State-gov,528738,5th-6th,10,Married-AF-spouse,Husband,Amer-Indian-Eskimo,Male,18825,38321,38,Vietnam
36,Private,142731,Preschool,8,Separated,Own-child,White,Female,17604,5288,20,Nicaragua
45,State-gov,405106,12th,4,Divorced,Husband,White,Male,4681,6244,33,South
47,State-gov,942537,Bachelors,1,Widowed,Not-in-family,White,Female,38606,32925,24,France
43,Federal-gov,224871,Prof-school,10,Separated,Own-child,White,Female,43169,28613,29,Japan
42,Local-gov,605908,10th,10,Never-married,Unmarried,Asian-Pac-Islander,Male,39281,520,29,Philippines
69,Self-emp-not-inc,218733,Some-college,1,Divorced,Other-relative,Black,Female,46785,42374,36,Hong
26,Self-emp-inc,658287,7th-8th,8,Married-AF-spouse,Other-relative,Amer-Indian-Eskimo,Female,23118,4098,28,Italy
58,Without-pay,279264,12th,10,Married-AF-spouse,Husband,White,Male,16716,13425,36,Yugoslavia
80,Self-emp-inc,850007,HS-grad,8,Married-civ-spouse,Husband,Amer-Indian-Eskimo,Female,31702,34648,32,Hungary
26,Self-emp-inc,126280,Masters,7,Widowed,Unmarried,Asian-Pac-Islander,Male,31846,11194,35,Greece
23,Never-worked,231794,10th,5,Married-spouse-absent,Unmarried,Other,Female,12894,47440,21,Italy
35,Self-emp-inc,873026,Masters,6,Married-spouse-absent,Wife,Black,Female,13507,40616,27,United-States
46,Local-gov,992399,1st-4th,0,Separated,Other-relative,White,Female,18759,31730,27,Honduras
98,Self-emp-inc,779643,Bachelors,10,Married-spouse-absent,Own-child,Black,Female,34839,39573,26,Greece
74,State-gov,393649,12th,2,Widowed,Other-relative,Other,Male,16521,33291,29,Haiti
38,Private,812634,5th-6th,0,Never-married,Not-in-family,Asian-Pac-Islander,Female,6460,28031,28,Cambodia
31,Local-gov,332928,Assoc-acdm,10,Divorced,Own-child,Amer-Indian-Eskimo,Male,4852,24104,39,Peru
67,Self-emp-not-inc,7816,Bachelors,7,Separated,Wife,Other,Female,32474,9393,34,Mexico
41,Self-emp-not-inc,714319,Assoc-voc,4,Never-married,Unmarried,White,Female,6914,9928,26,Puerto-Rico
69,State-gov,684883,11th,4,Married-spouse-absent,Unmarried,White,Female,9617,37121,38,Nicaragua
59,Self-emp-inc,572301,HS-grad,9,Widowed,Other-relative,Other,Male,22474,33284,31,France
37,Self-emp-not-inc,412944,Preschool,1,Separated,Not-in-family,White,Male,32511,29680,33,Cuba
23,Self-emp-not-inc,603284,9th,8,Never-married,Own-child,White,Female,11824,24134,24,Mexico
53,Without-pay,972987,Masters,3,Married-AF-spouse,Own-child,Asian-Pac-Islander,Male,9855,26018,26,Cuba
39,Local-gov,391714,Masters,2,Widowed,Wife,White,Female,42092,48727,21,Yugoslavia
55,State-gov,227825,9th,10,Divorced,Wife,Amer-Indian-Eskimo,Male,49316,27013,22,Peru
65,Self-emp-not-inc,391651,Preschool,9,Married-AF-spouse,Own-child,White,Female,44484,10010,23,Peru
74,Self-emp-inc,677481,7th-8th,3,Married-spouse-absent,Not-in-family,White,Male,48270,19327,32,Laos
96,Never-worked,358338,1st-4th,0,Separated,Other-relative,Amer-Indian-Eskimo,Female,11505,11377,20,Peru
99,Federal-gov,831471,12th,1,Married-civ-spouse,Wife,Asian-Pac-Islander,Male,25806,33011,22,Ireland
93,Local-gov,578123,Assoc-voc,7,Married-spouse-absent,Own-child,Black,Male,38517,22133,25,Germany
70,Without-pay,525613,Preschool,2,Married-spouse-absent,Other-relative,Asian-Pac-Islander,Male,36162,3689,20,Columbia
73,State-gov,964035,10th,7,Widowed,Other-relative,Asian-Pac-Islander,Male,12785,26890,39,Columbia
93,Self-emp-inc,506738,HS-grad,8,Separated,Unmarried,White,Male,8235,27366,33,Thailand
90,Federal-gov,603362,Assoc-acdm,2,Married-civ-spouse,Own-child,White,Female,2802,22498,31,Germany
59,Federal-gov,257646,1st-4th,2,Married-spouse-absent,Own-child,Black,Female,30776,34415,28,Germany
71,Self-emp-inc,30463,Some-college,4,Never-married,Husband,Black,Female,13312,39391,38,Canada
92,State-gov,794444,5th-6th,9,Separated,Wife,Other,Male,28243,8425,20,Vietnam
93,Private,684511,5th-6th,4,Married-AF-spouse,Unmarried,Amer-Indian-Eskimo,Male,4438,47866,29,Philippines
77,Federal-gov,495218,Prof-school,4,Married-civ-spouse,Unmarried,Asian-Pac-Islander,Male,2155,18253,32,Portugal
60,Never-worked,871613,Masters,4,Married-AF-spouse,Wife,Black,Female,31990,12062,32,Honduras
34,Self-emp-inc,360853,12th,0,Married-spouse-absent,Own-child,Other,Female,36145,19983,35,United-States
76,Federal-gov,305553,1st-4th,10,Married-civ-spouse,Not-in-family,White,Female,1178,35376,37,Poland
33,Private,379900,Preschool,8,Widowed,Husband,Asian-Pac-Islander,Male,49515,15530,21,Thailand
37,Self-emp-not-inc,262623,9th,3,Never-married,Other-relative,Asian-Pac-Islander,Female,6071,39767,25,Jamaica
51,Local-gov,870309,10th,6,Married-AF-spouse,Unmarried,Amer-Indian-Eskimo,Male,35073,11489,38,Puerto-Rico
85,Self-emp-not-inc,157130,Assoc-acdm,0,Never-married,Not-in-family,Other,Female,46308,46953,37,Dominican-Republic
35,Without-pay,872417,Preschool,3,Divorced,Not-in-family,White,Female,13829,22481,33,Outlying-US(Guam-USVI-etc)
59,State-gov,119257,5th-6th,8,Widowed,Wife,Black,Female,39402,31614,22,Cuba
95,Self-emp-not-inc,310325,7th-8th,8,Separated,Other-relative,Asian-Pac-Islander,Female,4048,22073,22,Haiti
48,Federal-gov,383243,1st-4th,1,Married-civ-spouse,Unmarried,White,Male,34892,49466,26,Philippines
79,Private,157023,Bachelors,10,Widowed,Unmarried,Amer-Indian-Eskimo,Female,7341,8285,23,El-Salvador
53,Self-emp-inc,746616,11th,0,Widowed,Other-relative,Other,Male,11409,43454,32,United-States
50,State-gov,558617,5th-6th,5,Divorced,Not-in-family,White,Male,30988,20519,21,Cuba
73,Without-pay,500751,Bachelors,0,Never-married,Husband,White,Female,20151,22304,35,Ireland
23,Federal-gov,68361,1st-4th,1,Widowed,Wife,Amer-Indian-Eskimo,Female,31319,42999,40,Puerto-Rico
51,Local-gov,852016,10th,1,Married-AF-spouse,Not-in-family,Amer-Indian-Eskimo,Male,21752,15863,24,Trinadad&Tobago
64,Self-emp-not-inc,449209,9th,2,Married-AF-spouse,Other-relative,Amer-Indian-Eskimo,Female,41723,3300,38,Ireland
60,Private,133697,Assoc-voc,4,Married-spouse-absent,Own-child,Other,Male,10977,835,27,South
61,Private,254389,Preschool,7,Divorced,Own-child,White,Male,44764,10035,35,Nicaragua
41,Self-emp-not-inc,106042,Some-college,3,Separated,Other-relative,Amer-Indian-Eskimo,Female,1555,21571,32,Poland
83,Without-pay,943158,7th-8th,6,Married-AF-spouse,Own-child,Black,Male,12291,11315,29,Cambodia
40,Never-worked,779066,11th,3,Married-civ-spouse,Not-in-family,Black,Female,38745,41994,28,Canada
33,Local-gov,689069,Bachelors,2,Separated,Unmarried,Amer-Indian-Eskimo,Female,13822,4573,38,China
85,Federal-gov,531144,Masters,10,Never-married,Own-child,Other,Male,30649,21631,30,Cambodia
18,Without-pay,739338,Some-college,10,Married-AF-spouse,Own-child,Amer-Indian-Eskimo,Female,44642,14071,24,China
43,State-gov,97473,7th-8th,3,Separated,Unmarried,Black,Male,9793,24370,20,Vietnam
23,State-gov,355137,Preschool,1,Married-AF-spouse,Own-child,White,Male,11675,15056,36,Nicaragua
92,Without-pay,580826,11th,10,Married-civ-spouse,Not-in-family,Asian-Pac-Islander,Male,46165,41899,29,United-States
60,State-gov,211976,9th,9,Married-spouse-absent,Husband,Black,Male,19013,4767,40,Cambodia
53,Self-emp-not-inc,665598,Preschool,4,Separated,Husband,White,Male,27250,21959,27,Mexico
27,Self-emp-not-inc,667296,Assoc-voc,2,Married-AF-spouse,Other-relative,Amer-Indian-Eskimo,Male,46545,21231,24,Ireland
41,Private,84086,10th,1,Divorced,Wife,Amer-Indian-Eskimo,Female,7876,42655,30,Scotland
24,Private,105282,Prof-school,1,Never-married,Own-child,Asian-Pac-Islander,Male,28012,3368,29,Japan
76,Self-emp-not-inc,924499,Assoc-voc,5,Divorced,Other-relative,White,Male,42501,21054,20,Yugoslavia
26,Private,945555,Preschool,10,Married-civ-spouse,Own-child,Amer-Indian-Eskimo,Male,27790,769,33,Columbia
94,Self-emp-not-inc,42738,Assoc-acdm,7,Married-AF-spouse,Not-in-family,White,Female,49309,21818,30,Laos
34,Without-pay,51340,Assoc-acdm,4,Divorced,Not-in-family,Black,Female,5346,33092,39,Iran
22,Without-pay,173795,Preschool,0,Married-civ-spouse,Unmarried,Asian-Pac-Islander,Female,15015,11157,39,Trinadad&Tobago
83,Private,232302,Preschool,0,Never-married,Unmarried,Black,Male,17596,13139,20,Outlying-US(Guam-USVI-etc)
48,Self-emp-not-inc,82639,Assoc-acdm,9,Widowed,Not-in-family,Black,Male,9108,42453,23,Taiwan
25,Private,367822,10th,7,Married-AF-spouse,Own-child,Asian-Pac-Islander,Male,27859,3978,31,Trinadad&Tobago
66,Private,718415,Assoc-acdm,9,Widowed,Other-relative,Other,Male,6586,25041,33,Ireland
63,Private,594224,9th,10,Widowed,Husband,Black,Female,42630,35674,29,Haiti
99,Federal-gov,853867,Prof-school,5,Never-married,Not-in-family,Black,Male,732,8402,35,South
25,State-gov,542574,Preschool,7,Married-civ-spouse,Own-child,Amer-Indian-Eskimo,Female,41310,14333,25,England
77,Self-emp-not-inc,169109,Assoc-voc,5,Married-civ-spouse,Unmarried,Amer-Indian-Eskimo,Female,40210,46826,36,Trinadad&Tobago
93,Local-gov,628075,10th,10,Divorced,Wife,Black,Male,231,33816,22,Holand-Netherlands
58,Private,908536,Doctorate,10,Widowed,Husband,Black,Female,19331,8357,24,United-States
28,Local-gov,920760,10th,1,Married-spouse-absent,Other-relative,Amer-Indian-Eskimo,Female,1254,46306,22,Columbia
53,State-gov,57456,Doctorate,1,Divorced,Wife,Amer-Indian-Eskimo,Female,38396,46821,28,Trinadad&Tobago
67,Private,146560,Prof-school,6,Divorced,Not-in-family,Black,Male,9923,48128,21,Cuba
52,Self-emp-not-inc,401355,7th-8th,5,Married-civ-spouse,Unmarried,Black,Male,49836,10222,38,Puerto-Rico
49,Without-pay,899373,Some-college,0,Never-married,Unmarried,Black,Female,9559,8209,35,Greece
29,Federal-gov,672976,1st-4th,1,Married-AF-spouse,Not-in-family,White,Female,2845,16071,37,Hong
40,State-gov,888202,Doctorate,1,Married-civ-spouse,Husband,Amer-Indian-Eskimo,Male,35841,2160,31,Taiwan
83,Never-worked,264408,11th,6,Divorced,Own-child,Asian-Pac-Islander,Male,47268,23960,40,Italy
53,Self-emp-not-inc,452239,Some-college,7,Never-married,Other-relative,Asian-Pac-Islander,Male,33792,16084,26,Ireland
88,Without-pay,681953,1st-4th,10,Divorced,Not-in-family,Amer-Indian-Eskimo,Male,4274,12330,29,Portugal
43,Never-worked,366764,11th,6,Divorced,Unmarried,White,Female,1504,46121,27,Philippines
84,Local-gov,599827,10th,5,Divorced,Wife,Amer-Indian-Eskimo,Male,8009,47511,31,Cuba
64,Federal-gov,4733,Masters,10,Never-married,Not-in-family,White,Female,25992,37399,40,Jamaica
35,Self-emp-inc,653090,Prof-school,6,Separated,Own-child,Asian-Pac-Islander,Female,22445,6480,25,Peru
83,Self-emp-not-inc,989919,Assoc-voc,3,Separated,Other-relative,Black,Male,35392,8037,37,Scotland
22,Self-emp-not-inc,993197,Bachelors,7,Widowed,Not-in-family,Amer-Indian-Eskimo,Female,5875,47072,32,Cuba
83,Self-emp-inc,28733,HS-grad,10,Married-spouse-absent,Wife,Black,Male,21782,43169,29,Ireland
58,Never-worked,541167,5th-6th,7,Divorced,Not-in-family,White,Male,48067,41887,29,Canada
18,Never-worked,538595,Doctorate,2,Married-spouse-absent,Husband,Asian-Pac-Islander,Female,41227,6852,20,Nicaragua
98,Local-gov,909280,Assoc-voc,10,Never-married,Wife,Amer-Indian-Eskimo,Female,10951,10107,21,Mexico
87,State-gov,921263,7th-8th,3,Separated,Husband,Other,Female,19399,8740,22,Greece
77,Self-emp-inc,418241,Prof-school,9,Married-spouse-absent,Unmarried,Other,Female,39785,33222,31,Yugoslavia
63,Local-gov,115139,Assoc-acdm,4,Never-married,Other-relative,Other,Male,8985,27072,26,Puerto-Rico
40,Without-pay,4751,1st-4th,7,Married-AF-spouse,Husband,Other,Male,19158,41432,25,Hungary
46,Private,604741,HS-grad,6,Widowed,Own-child,Black,Female,29758,49823,29,Dominican-Republic
93,Self-emp-inc,32757,7th-8th,6,Divorced,Unmarried,Black,Male,28366,6137,27,China
30,Private,580558,Doctorate,10,Married-civ-spouse,Wife,Other,Female,42746,23764,29,Honduras
47,Federal-gov,456573,1st-4th,3,Married-civ-spouse,Not-in-family,Amer-Indian-Eskimo,Female,33030,43689,30,Honduras
34,Self-emp-inc,76488,12th,9,Widowed,Unmarried,White,Male,39979,14904,30,Italy
20,Private,357142,Preschool,10,Widowed,Wife,Black,Male,47515,5422,28,Jamaica
20,Federal-gov,503702,HS-grad,7,Widowed,Other-relative,Asian-Pac-Islander,Female,1542,34762,29,Italy
43,Local-gov,72086,Doctorate,10,Divorced,Unmarried,White,Male,11176,40428,21,Philippines
89,Self-emp-not-inc,579049,Some-college,0,Never-married,Other-relative,Asian-Pac-Islander,Female,10334,7790,31,United-States
30,Self-emp-not-inc,726682,9th,6,Separated,Unmarried,Black,Male,46883,6384,25,Jamaica
44,Without-pay,842227,9th,0,Married-spouse-absent,Not-in-family,Amer-Indian-Eskimo,Male,22607,10778,26,Vietnam
94,Self-emp-not-inc,402153,Prof-school,3,Married-AF-spouse,Not-in-family,Other,Female,36908,17817,36,India
66,State-gov,359312,5th-6th,5,Widowed,Unmarried,Other,Male,49550,13356,37,Columbia
23,Without-pay,811228,10th,3,Married-AF-spouse,Husband,Other,Female,22984,17341,26,Puerto-Rico
29,Federal-gov,275854,Masters,7,Married-civ-spouse,Unmarried,White,Female,3954,40607,39,Dominican-Republic
43,Federal-gov,632847,10th,4,Never-married,Own-child,Black,Male,37298,20979,36,Italy
60,Federal-gov,270459,Assoc-acdm,1,Divorced,Not-in-family,Other,Female,47152,10727,22,Poland
26,Local-gov,629413,Doctorate,4,Married-AF-spouse,Wife,Other,Male,49218,801,30,Cambodia
38,Private,152140,Masters,1,Married-spouse-absent,Unmarried,Asian-Pac-Islander,Male,38310,8029,30,England
97,Self-emp-inc,571437,HS-grad,9,Separated,Husband,Asian-Pac-Islander,Female,22410,8167,24,Honduras
81,Federal-gov,47570,Masters,4,Married-civ-spouse,Unmarried,Black,Female,7041,14749,21,Cambodia
77,Self-emp-inc,729224,11th,8,Married-AF-spouse,Not-in-family,Amer-Indian-Eskimo,Female,4164,46271,22,Yugoslavia
74,Federal-gov,449623,12th,3,Never-married,Other-relative,Asian-Pac-Islander,Male,20751,42607,36,Thailand
52,Private,976887,12th,6,Divorced,Husband,Other,Male,47192,34072,20,Taiwan
20,Never-worked,845272,Prof-school,5,Never-married,Own-child,Amer-Indian-Eskimo,Male,5355,34360,36,Scotland
42,Local-gov,32268,Assoc-voc,10,Never-married,Own-child,Other,Male,45915,43221,39,Laos
92,Self-emp-not-inc,503934,5th-6th,4,Married-spouse-absent,Not-in-family,Black,Female,15572,28579,24,Portugal
82,Self-emp-inc,742720,HS-grad,9,Married-spouse-absent,Unmarried,Asian-Pac-Islander,Female,11307,48433,37,Hungary
19,Federal-gov,527100,Masters,5,Married-civ-spouse,Other-relative,Black,Male,12361,15953,36,South
85,Never-worked,25629,11th,6,Separated,Wife,White,Female,37403,46387,31,Holand-Netherlands
79,Federal-gov,196360,Masters,3,Separated,Husband,Black,Male,16316,26721,31,Ecuador
70,Self-emp-not-inc,245092,Bachelors,6,Widowed,Other-relative,White,Male,4559,47993,34,Canada
56,Private,604994,5th-6th,5,Widowed,Wife,Asian-Pac-Islander,Female,22480,41656,20,Nicaragua
91,State-gov,623304,7th-8th,8,Married-AF-spouse,Not-in-family,Asian-Pac-Islander,Male,26710,16160,21,Trinadad&Tobago
95,Private,142946,10th,7,Married-spouse-absent,Wife,Other,Male,28257,16302,27,Guatemala
74,Self-emp-inc,144256,9th,7,Married-civ-spouse,Unmarried,Amer-Indian-Eskimo,Male,29753,5052,25,Italy
35,Without-pay,10879,Masters,10,Divorced,Unmarried,Asian-Pac-Islander,Male,37245,4619,38,Poland
81,Without-pay,912787,Bachelors,7,Divorced,Other-relative,Amer-Indian-Eskimo,Female,46687,43756,36,Italy
28,Self-emp-inc,845175,11th,0,Never-married,Unmarried,Black,Male,38928,26407,38,El-Salvador
46,Local-gov,894326,10th,5,Married-civ-spouse,Wife,Other,Male,14414,25602,34,Holand-Netherlands
20,Self-emp-inc,768396,Bachelors,9,Separated,Wife,Amer-Indian-Eskimo,Female,22262,4977,37,Italy
19,State-gov,910309,12th,9,Divorced,Not-in-family,Asian-Pac-Islander,Male,32045,1942,26,Guatemala
26,Never-worked,352197,9th,2,Divorced,Not-in-family,Amer-Indian-Eskimo,Male,28263,38696,25,Hungary
33,Private,85528,5th-6th,3,Married-spouse-absent,Wife,Other,Female,37351,29003,39,Greece
39,Federal-gov,183701,Assoc-acdm,3,Never-married,Own-child,Asian-Pac-Islander,Female,14819,30780,35,South
84,State-gov,846561,12th,0,Married-civ-spouse,Unmarried,Asian-Pac-Islander,Female,43310,29331,24,Taiwan
80,Private,913687,Prof-school,0,Widowed,Unmarried,White,Female,47784,10150,24,Hungary
18,State-gov,499443,9th,4,Separated,Not-in-family,Asian-Pac-Islander,Male,3790,8751,27,Greece
88,State-gov,754740,9th,9,Divorced,Wife,Other,Male,34027,39749,30,United-States
77,Never-worked,701342,11th,10,Widowed,Wife,Amer-Indian-Eskimo,Female,3917,31734,26,Greece
74,Private,226142,Assoc-voc,9,Divorced,Other-relative,Amer-Indian-Eskimo,Female,39900,24484,21,Laos
19,Private,639327,10th,0,Married-AF-spouse,Unmarried,Black,Male,30712,2951,26,Ireland
99,Self-emp-not-inc,189618,Assoc-voc,6,Separated,Other-relative,Other,Male,34487,35992,27,Thailand
89,Without-pay,525633,Assoc-voc,7,Married-AF-spouse,Unmarried,Amer-Indian-Eskimo,Male,6904,30984,32,China
92,Federal-gov,194477,Masters,4,Widowed,Not-in-family,Black,Male,23604,13231,35,El-Salvador
67,Self-emp-not-inc,657157,Some-college,0,Married-spouse-absent,Wife,Asian-Pac-Islander,Female,44235,24368,32,Germany
54,Self-emp-inc,350013,Prof-school,5,Married-civ-spouse,Husband,Other,Male,34668,5441,29,Japan
58,Federal-gov,424538,10th,3,Divorced,Other-relative,Asian-Pac-Islander,Female,2865,27916,39,France
64,Local-gov,390217,7th-8th,7,Divorced,Wife,Amer-Indian-Eskimo,Male,8502,9368,23,India
97,Without-pay,82079,11th,3,Widowed,Other-relative,Other,Male,33188,45003,23,Outlying-US(Guam-USVI-etc)
88,Self-emp-inc,599565,HS-grad,9,Married-spouse-absent,Other-relative,White,Male,12317,42171,39,Cambodia
78,State-gov,583160,Preschool,6,Married-spouse-absent,Own-child,Black,Male,12002,9521,22,England
84,Never-worked,724812,11th,2,Married-spouse-absent,Wife,Amer-Indian-Eskimo,Female,16451,25875,25,Ecuador
99,Private,435905,HS-grad,10,Never-married,Own-child,Asian-Pac-Islander,Female,44521,42610,36,Canada
85,Without-pay,584320,Masters,7,Separated,Husband,White,Male,44063,46027,29,France
79,State-gov,645898,5th-6th,10,Separated,Not-in-family,Black,Female,38640,14290,21,Hungary
21,Local-gov,851636,HS-grad,2,Married-spouse-absent,Unmarried,White,Female,25570,41146,40,Canada
20,Federal-gov,770082,Masters,7,Married-AF-spouse,Unmarried,Black,Male,10160,42067,28,Mexico
99,Self-emp-not-inc,304650,Some-college,8,Married-spouse-absent,Own-child,Black,Female,29852,47837,23,Ireland
90,Federal-gov,106308,HS-grad,10,Widowed,Not-in-family,White,Female,18956,33646,38,France
63,State-gov,449180,Doctorate,8,Married-civ-spouse,Other-relative,Other,Male,37258,38937,31,Poland
72,Without-pay,157680,10th,1,Married-AF-spouse,Other-relative,Asian-Pac-Islander,Female,34181,22431,26,Germany
97,Self-emp-not-inc,90329,9th,5,Widowed,Other-relative,Amer-Indian-Eskimo,Male,41680,7364,35,Iran
54,Never-worked,205336,Doctorate,8,Married-AF-spouse,Wife,Amer-Indian-Eskimo,Male,43457,27672,39,El-Salvador
92,Never-worked,810984,Doctorate,8,Divorced,Husband,Black,Female,11261,1796,29,Philippines
24,Self-emp-not-inc,233641,9th,6,Married-spouse-absent,Husband,Asian-Pac-Islander,Female,14127,31287,35,Canada
92,Federal-gov,665952,Assoc-voc,9,Divorced,Not-in-family,Black,Male,16355,33923,22,Portugal
88,Never-worked,941661,Some-college,7,Never-married,Own-child,Amer-Indian-Eskimo,Female,8632,27247,26,Scotland
65,Local-gov,470035,9th,5,Widowed,Not-in-family,Black,Male,11294,4411,36,Iran
40,Federal-gov,761586,1st-4th,6,Married-civ-spouse,Own-child,Amer-Indian-Eskimo,Male,13598,15915,36,El-Salvador
48,Without-pay,633446,Some-college,0,Divorced,Unmarried,Black,Male,24075,25575,33,Italy
40,Private,806179,Bachelors,1,Never-married,Own-child,Amer-Indian-Eskimo,Male,3370,11496,31,England
84,Federal-gov,319766,10th,4,Married-civ-spouse,Wife,Asian-Pac-Islander,Male,34693,3000,40,Dominican-Republic
71,Self-emp-not-inc,931879,11th,10,Separated,Own-child,White,Female,40384,17445,31,South
22,Private,977686,Assoc-voc,4,Separated,Unmarried,Amer-Indian-Eskimo,Male,42779,34250,25,Yugoslavia
41,Local-gov,597356,10th,4,Married-civ-spouse,Other-relative,White,Male,8274,42757,36,Yugoslavia
49,Never-worked,10631,5th-6th,2,Married-spouse-absent,Wife,White,Male,25598,20607,27,Taiwan
96,Without-pay,340434,11th,4,Married-civ-spouse,Own-child,Black,Female,33630,45167,36,Philippines
60,Self-emp-inc,741274,7th-8th,9,Divorced,Not-in-family,Other,Male,18964,44166,21,Nicaragua
19,Private,905652,Bachelors,7,Never-married,Husband,Black,Male,16529,17182,38,El-Salvador
61,Private,206361,Prof-school,1,Widowed,Husband,Asian-Pac-Islander,Female,28464,48670,28,Mexico
70,Local-gov,373790,5th-6th,0,Never-married,Not-in-family,White,Female,48570,11834,39,Japan
40,State-gov,835353,9th,10,Married-AF-spouse,Husband,Amer-Indian-Eskimo,Male,21930,36269,40,Cuba
29,Never-worked,190507,Prof-school,2,Widowed,Husband,White,Female,27755,13366,25,Iran
53,State-gov,7126,12th,0,Married-civ-spouse,Husband,White,Female,44622,24481,39,Greece
82,State-gov,143402,Doctorate,1,Married-spouse-absent,Own-child,White,Female,30888,5557,40,Peru
51,Private,101275,Prof-school,5,Separated,Husband,White,Female,47496,207,36,Guatemala
41,Self-emp-not-inc,795937,Some-college,9,Married-AF-spouse,Wife,Asian-Pac-Islander,Male,46644,18251,27,South
37,Local-gov,58400,9th,7,Married-AF-spouse,Wife,Other,Female,21372,42779,27,Poland
76,Federal-gov,93536,Masters,0,Married-AF-spouse,Unmarried,Amer-Indian-Eskimo,Male,27191,24640,22,Portugal
88,Private,928538,Assoc-voc,8,Widowed,Own-child,Black,Male,27234,28527,20,Taiwan
61,Never-worked,771049,5th-6th,10,Married-civ-spouse,Not-in-family,Amer-Indian-Eskimo,Female,21911,21981,23,Guatemala
56,Federal-gov,817356,12th,0,Married-AF-spouse,Husband,Asian-Pac-Islander,Male,25974,41653,28,Puerto-Rico
86,Without-pay,239914,Bachelors,3,Divorced,Unmarried,Amer-Indian-Eskimo,Male,41910,36680,29,El-Salvador
40,Private,409296,HS-grad,7,Never-married,Other-relative,Other,Female,24941,2985,24,India
46,Federal-gov,772857,12th,0,Married-spouse-absent,Unmarried,Asian-Pac-Islander,Male,2912,37022,33,Hong
71,Self-emp-inc,620013,Assoc-acdm,4,Widowed,Own-child,Black,Female,42596,25738,38,Puerto-Rico
79,Private,972344,Preschool,1,Separated,Wife,Amer-Indian-Eskimo,Male,294,41270,36,Laos
80,State-gov,398788,5th-6th,7,Never-married,Not-in-family,White,Female,49193,48150,33,Nicaragua
77,Self-emp-inc,496581,Prof-school,5,Divorced,Other-relative,Amer-Indian-Eskimo,Female,28718,22026,22,South
27,Without-pay,531403,1st-4th,6,Divorced,Other-relative,Amer-Indian-Eskimo,Male,49660,22983,37,Honduras
37,State-gov,319676,5th-6th,9,Divorced,Other-relative,Asian-Pac-Islander,Female,6200,3120,21,Ireland
18,Private,979747,Assoc-voc,9,Never-married,Other-relative,Asian-Pac-Islander,Male,10751,22075,36,Holand-Netherlands
28,Never-worked,93542,Doctorate,9,Widowed,Other-relative,Asian-Pac-Islander,Female,20646,38242,28,Ireland
86,State-gov,922741,9th,0,Widowed,Other-relative,Black,Male,19928,13556,20,Ecuador